"rep","run","bf_no_rvar","bf_rvar"
1,1,3.61170340108695e-15,8186565430.99376
2,1,4.14820778933e-16,4854274.36573633
3,1,3.11047611898944e-15,25261259208.4084
4,1,2.16753948547913e-16,3300132.61879947
5,1,1.34880743963571e-16,213.793359756549
6,1,3.80385316118741e-17,136581.778574233
7,1,6.159345342149e-12,12770476.9984244
8,1,4.73581782789671e-17,140766.100813221
9,1,6.43939247449041e-17,1246.4571275544
10,1,7.12994941224934e-16,7902328.64551139
11,1,1.88281300988819e-17,8097137.12954993
12,1,1.153843610048e-21,1469037097.8492
13,1,1.72639995806474e-20,9194925.84599902
14,1,1.16035413498718e-18,17461248.7176195
15,1,4.00808360672033e-15,1962348.07719251
16,1,1.11571279119775e-13,222051.854414295
17,1,1.02105790439567e-15,31.5561384177054
18,1,7.96876639668719e-15,296.277872880473
19,1,6.06522987562094e-23,5674762.04170721
20,1,1.85409361426233e-22,731767170762.076
21,1,4.63176812882355e-23,2532190959186449
22,1,4.34449236787885e-17,14706458.2016297
23,1,7.08000095086583e-20,210894782.738659
24,1,1.20868539179702e-11,207145348.818138
25,1,7.60507653494891e-16,3795457454.28076
26,1,1.3916499992783e-13,88323.1238981976
27,1,1.02173595324407e-18,32656.0355277756
28,1,2.96786909546855e-14,83918788474.2321
29,1,7.0417722178125e-18,23539334562.2827
30,1,2.23059840136564e-20,5312201979.18329
31,1,1.21776946373846e-19,316221.673018622
32,1,2.63532303668309e-18,28498231.3841105
33,1,1.24150086190377e-21,690385843.032348
34,1,1.49493613996593e-20,230.258015567114
35,1,2.13362192382034e-19,98177441.282219
36,1,3.58187210388622e-22,299259097.140325
37,1,9.92914581997624e-20,269391529.637054
38,1,2.53102603171265e-19,41573.8251034845
39,1,5.10903368409531e-21,1422552021.43634
40,1,4.79188073291376e-19,10018760.8164485
41,1,4.04408574321013e-22,753325181.917966
42,1,3.44142143379142e-22,1575606302268.22
43,1,2.70251470413246e-16,408.505602460386
44,1,4.86650682340131e-17,3757297.11859911
45,1,1.21802056667932e-14,291.007361510018
46,1,4.684276285769e-19,388380421.772854
47,1,1.21747601851544e-17,5722055.62942766
48,1,3.63302684115794e-17,54.4522055691175
49,1,6.96330556037086e-19,6160.73535864658
50,1,4.97084506594226e-18,25281967.4192333
51,1,3.00342030599849e-14,41892.1115578246
52,1,1.86049056278968e-20,116259.674406639
53,1,9.08091752178397e-22,28891784.1977592
54,1,2.28765326550665e-17,563134.576151626
55,1,2.53320421002527e-18,9829.36504930906
56,1,1.41648512372586e-20,797401.440303666
57,1,3.6876191807048e-23,2887972582584702
58,1,3.88533094732698e-19,29.586914582207
59,1,6.86894182421665e-21,182689.50387716
60,1,2.77137452286847e-11,3798984147.52193
61,1,3.344891123451e-18,123856.393523965
62,1,6.67330904487429e-17,49746.6634034437
63,1,3.54879627029562e-18,1136269750.23848
64,1,1.04331517312515e-16,21122.468084269
65,1,1.12176449051083e-17,393635741.852758
66,1,3.32193975667988e-18,877802687.098334
67,1,1.05045296414144e-13,1979.43599853577
68,1,9.6262853500712e-22,1028296649.92857
69,1,5.06471033042864e-19,7.26114741367114
70,1,2.05279284001395e-18,97353077.1330717
71,1,1.23279655610206e-15,390.473063404472
72,1,9.80556359964432e-17,127366391.089995
73,1,6.1146776006771e-18,2673866937062.42
74,1,8.37789941615707e-17,171367013.080479
75,1,5.57826669383382e-21,1545093011.60449
76,1,4.68218812943613e-20,31702475.5896909
77,1,6.58844125042528e-20,40.690794908041
78,1,4.32293718771883e-23,231578.59087791
79,1,7.76546643208592e-20,76.8738878047673
80,1,1.54313148095545e-15,131350.026397548
81,1,2.45608867821119e-16,76.200325628673
82,1,5.62210554617564e-17,3960909313.42807
83,1,1.09842375583676e-17,260.631983650568
84,1,2.44791867412403e-14,36610698171391643648
85,1,3.4376119663622e-18,445034.808290464
86,1,6.9631136614118e-21,104125.37596645
87,1,2.37610224290497e-18,5211667.13130814
88,1,1.10786499768266e-16,6633965.74913811
89,1,3.55899202324666e-22,327.889810756669
90,1,2.48669858583109e-20,103108.299530656
91,1,6.73692868131046e-21,Inf
92,1,8.01491104075014e-18,26206417647.008
93,1,3.67329090331826e-20,185770.787930153
94,1,6.64379303123609e-19,1.06630389367626e+21
95,1,9.90615819908175e-22,533537.464064613
96,1,3.50002692574457e-18,507016766.921518
97,1,4.5259084990345e-15,308778465875.215
98,1,4.71092240375733e-15,185367.839579625
99,1,3.03930098272804e-17,222205211.128693
100,1,6.04822968968328e-18,793.9907786366
1,2,2.891965689301e-19,7558235550.98105
2,2,1.16902159361132e-20,3321.30887991222
3,2,3.73019563717405e-12,2665787092.16227
4,2,3.63182737154594e-18,61.5494974744745
5,2,4.51839902512573e-22,104284.809540472
6,2,2.38287316688089e-19,14244255.9006801
7,2,2.94643676847448e-18,106446981.102662
8,2,1.59220013480507e-16,296652367.198731
9,2,1.55408695341594e-19,27299282138.6508
10,2,1.22499107901427e-16,650029639.513959
11,2,3.38622852182146e-19,375013096.78703
12,2,6.7202757630007e-20,284.458086205394
13,2,1.26088584101714e-23,10.5471452360578
14,2,3.19455857872488e-20,12836095.5364444
15,2,5.83913411586234e-17,1371991.19821009
16,2,6.73420948450842e-12,11632832.3450982
17,2,6.80237481006745e-21,2844.87867689636
18,2,3.44101992701432e-18,10506551666991.8
19,2,4.76975076044509e-14,2861720.0240659
20,2,2.1468264563506e-17,10033726.5131858
21,2,6.05277142107832e-14,166543.359852043
22,2,7.67145132543301e-17,535673.79803229
23,2,2.85511731909001e-15,351609624.861343
24,2,1.51885607904478e-19,119285703.930051
25,2,7.71342001333855e-18,19773421814.9407
26,2,2.25078717063824e-19,904177.796076361
27,2,5.39543765382022e-21,1579366928.68839
28,2,6.32494308574869e-20,221679413605.015
29,2,1.0174528701379e-22,190636870.891992
30,2,2.51018702648857e-16,162421.903435674
31,2,9.22377474151507e-22,65644002303.0684
32,2,6.17897567317753e-13,325006667.438899
33,2,2.28167342273918e-18,292325.4606738
34,2,3.40267479608534e-17,587308.845437297
35,2,7.70033549616685e-15,1897194834628.37
36,2,7.89529964299742e-17,627.216013927906
37,2,9.23803001151979e-19,745147123.833248
38,2,1.34267963068724e-18,0.0637497199787039
39,2,6.1253767160668e-22,3397859457.66068
40,2,6.77861409286455e-22,2036361.39915072
41,2,2.09801854450581e-17,182710368216.974
42,2,7.27905353532141e-21,442116.584741804
43,2,8.20939795245064e-14,1994.04109329845
44,2,4.114759972765e-24,760686.015652708
45,2,1.20082367490695e-10,330.508977343594
46,2,2.61831072696934e-20,34401371414.3647
47,2,7.80260715911899e-15,546488494.257328
48,2,1.39086017960913e-18,395321947885.643
49,2,2.00374017601626e-21,990333.661042157
50,2,4.71460696844206e-18,7784840.70584384
51,2,5.06910391384486e-19,6091.51209018717
52,2,4.56965326520957e-18,760669549.899648
53,2,6.05235105118752e-17,356668316.681304
54,2,7.60697305488679e-21,15381459077.1993
55,2,1.20036059865312e-15,52.7593858958362
56,2,1.50536164843793e-20,9165420.93414014
57,2,4.30942235581979e-16,15220.1532580873
58,2,6.34646554312995e-21,3834973.12948925
59,2,2.71385009692189e-21,1070495.91036035
60,2,2.00957539951396e-16,1880523.36033401
61,2,2.54440534680792e-23,1135.00137681534
62,2,4.64557791768204e-15,18591709.5849485
63,2,9.0975486442597e-15,5354106.05014281
64,2,2.3741884686002e-17,5783822.15828174
65,2,2.18516459443223e-19,4253612.55782099
66,2,1.43307769271934e-19,102403231.357896
67,2,3.92388023654804e-16,305349.83437679
68,2,3.93697863209045e-20,278780.274467329
69,2,6.80305924654399e-14,214645022.03035
70,2,5.62812893101421e-22,4035799990.40136
71,2,4.92503476556134e-16,127007333.204586
72,2,2.53595941879492e-15,3340705539.66111
73,2,2.47317650953124e-18,778627.672108945
74,2,2.06846801408863e-23,2778.81703028689
75,2,2.46273972460912e-18,51780538843.4089
76,2,2.27822577608432e-16,92687511827.6548
77,2,2.17416291825529e-18,24247346.2674173
78,2,1.72435663834991e-17,55022776.3253444
79,2,2.6425640625561e-22,1768772.53525639
80,2,1.09467340129701e-18,180082.859962342
81,2,1.8239600450988e-14,2152630585.13178
82,2,3.06692517042274e-19,8682.89405982557
83,2,2.63096686951529e-16,44.8174182617482
84,2,4.69026165707941e-25,31.6947381953735
85,2,1.01121202541514e-18,17422740.0029767
86,2,1.86800664917106e-20,2162.8400228141
87,2,2.53097324974203e-19,4452251062.91077
88,2,2.79169946428415e-17,76110.1921449266
89,2,1.11710873106792e-15,115039314.742088
90,2,1.27258993727004e-20,456141909.300688
91,2,1.61573401707569e-15,152369837.677094
92,2,7.02479174662974e-13,4444867333.03333
93,2,2.8262967460587e-20,2431135103.51227
94,2,3.47342436738165e-18,4487.3097028774
95,2,8.70327648043204e-22,2142726.28849455
96,2,1.09890119697709e-22,2017.29197838814
97,2,1.95060139742736e-19,526029.621208487
98,2,2.84560489616779e-21,412076.078644947
99,2,1.86072311031516e-15,3487.67724993801
100,2,3.5694495582931e-16,91000040041.2565
1,3,2.26013110691733e-18,806365.513287139
2,3,1.40118012323653e-23,232.866111473248
3,3,9.32069912832998e-20,703.24826762741
4,3,4.47391965578419e-16,205907872.89368
5,3,3.3968829658906e-19,4114388576.44426
6,3,3.9496545173737e-18,48971495.7632375
7,3,7.55699069687445e-16,141.513139259754
8,3,4.39732170997189e-18,41942616.0300272
9,3,1.20882669568003e-16,2226140.27844046
10,3,6.05339889179115e-23,1593511688.37359
11,3,1.62187016953618e-20,1043732.53829848
12,3,1.8013455079255e-19,156.769508648299
13,3,1.69067163358467e-14,53549990324.8087
14,3,7.70192795323381e-22,82871.7024106933
15,3,1.08857276194973e-16,3066645580.77779
16,3,1.05603237624598e-18,1726307.39801597
17,3,2.92515845685707e-20,2209334648.36926
18,3,1.72208016474883e-08,22055032.2774962
19,3,1.14850316181582e-18,57580789.7294928
20,3,2.98184421258481e-16,454478836554.029
21,3,3.19674728003848e-17,28639324.0234575
22,3,3.25030568086253e-15,1567371.29963973
23,3,1.58247573920915e-18,3542999.87249721
24,3,2.67563665263357e-16,94437936922385.2
25,3,4.36794374332799e-21,781822.23534936
26,3,3.15283024782558e-11,2121089.61202119
27,3,3.02866986889519e-21,727429.633684511
28,3,7.90875955385229e-17,14677593.4668163
29,3,1.03076815200546e-18,6932236.0651974
30,3,3.69641540652248e-16,82089.2258824653
31,3,4.24885973276993e-17,951716425938.015
32,3,1.26037523431419e-18,26394873353.1228
33,3,2.75574438767548e-22,4679.63493655716
34,3,5.53666919376618e-12,38150257.759023
35,3,1.85940496544533e-15,731590425.638238
36,3,2.10444905949243e-20,3569.89058481802
37,3,4.16167915102307e-19,320997763.807597
38,3,1.35014557136722e-18,1522297.70104213
39,3,1.74830014222904e-15,8650845.92669359
40,3,2.28233689225329e-19,6565.14162941629
41,3,3.85992892669173e-18,1873681.14085567
42,3,2.23481172171683e-16,41602.9384749216
43,3,1.06110186076051e-16,46184.0262847206
44,3,1.65067570311476e-17,4886142.97395403
45,3,1.10467112075033e-17,5143.92708617592
46,3,4.88673247163024e-16,19257.2441407027
47,3,1.9916808646024e-21,51427711.344709
48,3,3.29209529392011e-24,12.6017168601811
49,3,1.66934062158549e-18,348248599.557794
50,3,1.98854137224753e-16,19656.6722514589
51,3,7.82683092489439e-21,66227343187.6226
52,3,2.26211097538311e-20,409159.418137426
53,3,2.78522238097086e-16,82413059.4438244
54,3,1.55867472710277e-17,86726618.9426862
55,3,5.25281597829245e-19,122552478682.976
56,3,5.87005071001409e-21,1578330559.92087
57,3,2.53446611501523e-22,3305123574100.11
58,3,2.55015780332306e-23,3812728.84011795
59,3,2.09288225301887e-16,83144598.8923303
60,3,2.08719695527968e-21,1180592561.27226
61,3,3.27511551776814e-19,121171483.335399
62,3,9.67114451802552e-19,5164135234.53451
63,3,1.62003608330316e-18,6331450472127.51
64,3,2.7658794760869e-19,161799.027986502
65,3,3.75279899481218e-20,14677307.2063264
66,3,1.23272747720474e-16,46348.4570224909
67,3,1.37386528720061e-15,696.668983992486
68,3,9.7602098083754e-23,490891012.158156
69,3,2.48525633334219e-18,551167.604797622
70,3,5.76155961665732e-13,2122896.17259104
71,3,4.48377242837056e-22,476260148776.632
72,3,1.13782835838238e-19,13141.4888362631
73,3,3.79517488819577e-21,4310266395.10373
74,3,1.31013031907143e-14,676.297679022523
75,3,8.16827869153501e-18,9754.06539223768
76,3,1.79700350191443e-18,4512251.6348901
77,3,1.16846247691066e-14,13345400223.7587
78,3,1.37971082665226e-17,431648253354.776
79,3,1.79435666841787e-18,9086406.69836502
80,3,7.60531430911696e-19,55.9803816779973
81,3,1.17470685412123e-17,14010958829.8958
82,3,4.97808229856267e-17,259997.382709135
83,3,6.9513432752103e-22,293319072.202869
84,3,6.93631181827805e-15,214885.154735563
85,3,3.05191214315758e-19,15138756.9654265
86,3,1.42166323716508e-18,5305353.00297217
87,3,1.52818854364803e-18,75161922476.6963
88,3,2.54654110266973e-23,87048.0537002452
89,3,7.94326154624606e-21,140042622643.274
90,3,4.23522065009039e-20,1563.81743832849
91,3,2.70227931900782e-21,110567110193.69
92,3,9.33572951029175e-20,336412.051442073
93,3,6.49007934521921e-14,569800726989.001
94,3,2.0572893436123e-16,412767.291961903
95,3,1.05587119549289e-16,48296126.835634
96,3,1.33745254696122e-21,14906440190.7603
97,3,1.01565244140458e-16,145030201822.877
98,3,5.017699296634e-19,72126696938.764
99,3,1.92193740792917e-18,5951.435576972
100,3,5.58494479106173e-16,55256.5312111805
1,4,2.24992084225044e-22,83203275.9397166
2,4,8.44087194431622e-16,162043366208.076
3,4,1.65153521249794e-18,670151647.881326
4,4,1.16377861183155e-22,26889279427.0406
5,4,2.74902660984171e-12,Inf
6,4,1.96755606494269e-17,943734699829.909
7,4,1.20045749900575e-20,1901809613712.51
8,4,3.67274524541204e-19,22004905.574182
9,4,4.53967414239468e-19,3098538727385.32
10,4,1.62032239579487e-23,9719320309432.75
11,4,4.13270498414167e-21,7226144166.17345
12,4,3.14998349593712e-16,7564141190408.59
13,4,2.52189993872668e-16,511120143.702466
14,4,2.40029042385022e-16,101468502316.981
15,4,5.16028558808772e-20,3018937.39015918
16,4,1.88646786187097e-15,3662413094.69795
17,4,1.03140280047572e-17,1123959506289
18,4,2.54147805379272e-14,25113174599987.4
19,4,2.2279106134436e-21,5376728152138.48
20,4,6.01443964026952e-21,842952256961.489
21,4,5.58040843070355e-21,16774330606851.4
22,4,4.71943073197587e-19,207690925493.42
23,4,1.10824211793011e-19,161596815.309707
24,4,2.90077689480507e-19,5534209857335.67
25,4,6.42801342193475e-18,191589040532101760
26,4,5.43944960650491e-20,Inf
27,4,4.72441273751933e-14,85775254854203.2
28,4,9.01303120813667e-17,4851004078568.73
29,4,1.27505888507121e-19,64682926.0622281
30,4,1.71779081753358e-23,6133394008.67359
31,4,4.86113676364197e-17,3483632402.83322
32,4,2.72169742015225e-18,35469114204228.6
33,4,8.61409297388768e-22,17409698515.967
34,4,2.82772908428727e-17,3721635966.96938
35,4,6.55697761012687e-20,39703905.3704212
36,4,5.57663969570121e-14,1811678763334.7
37,4,1.92611514224392e-16,474247933.126175
38,4,7.80672122653403e-20,144397783.433405
39,4,4.45815233891833e-20,24007200110.6357
40,4,2.52761512650844e-18,71689304768848.7
41,4,3.35397427582726e-15,1591339427665.99
42,4,1.00673543555458e-19,3395087723386842
43,4,1.26232109220775e-17,Inf
44,4,5.80453794695274e-23,1123916.59291222
45,4,1.13157761373696e-17,40272540900.0496
46,4,9.82664324628805e-20,Inf
47,4,1.58630815241948e-18,330308510.937297
48,4,2.04447164878191e-14,316075977039.148
49,4,2.25544343714588e-23,2519120133003.58
50,4,5.52358878333855e-18,957089301.987342
51,4,2.16692150719439e-18,1084991397278.16
52,4,1.18191469413715e-15,90845018.0451088
53,4,4.84229579369483e-22,23692446.7246722
54,4,2.64102213205243e-19,11891051928371.8
55,4,1.17050751760157e-17,3454641778119.08
56,4,9.80498076254363e-20,13623819298765.8
57,4,3.45335748837277e-17,273198079.940386
58,4,2.14151723844133e-12,1465473475.04725
59,4,2.89840935003673e-12,Inf
60,4,3.78919287339276e-15,45793763536948.1
61,4,8.37547531052635e-16,12681422694797.3
62,4,5.51796066266327e-20,1802998785.17844
63,4,1.2840119516317e-20,103403599488.367
64,4,3.14293386162076e-18,Inf
65,4,6.89082502315899e-20,22580891431.9579
66,4,1.97742785022686e-16,2011558287116.06
67,4,2.17578221576403e-17,57679367288462.3
68,4,2.11225373192566e-22,15078291823.7584
69,4,2.51185264905882e-19,1617982343801.54
70,4,9.86911685728492e-18,2158823375158.71
71,4,6.95734444953777e-14,28727641853.9215
72,4,1.49202498614767e-19,239160776526.069
73,4,3.64865077981201e-17,82910030807.3852
74,4,1.17377184510855e-19,2977687469.28004
75,4,8.62012220437316e-17,10723808046.7517
76,4,1.6864813104611e-21,1904024529755.64
77,4,6.54213779031897e-23,11920216.3308584
78,4,2.44863791792369e-20,25727327139.5843
79,4,1.4376156345906e-18,2036622000.93138
80,4,9.11590959328358e-16,62740312.6516035
81,4,1.34545080127935e-18,28599191.0805985
82,4,1.22997794179809e-21,11625380.893847
83,4,7.6580505673951e-20,103841613483.46
84,4,3.33762789161503e-20,193641758863687
85,4,5.67697607554813e-19,215125633571913
86,4,6.65281045116258e-20,1221920991432814
87,4,3.49564681291667e-19,68809968936772.4
88,4,6.6032976916115e-14,Inf
89,4,3.81728561074846e-17,1893477098.20014
90,4,4.57414277971524e-24,355042542482403
91,4,2.39613413235928e-19,261753384404.828
92,4,3.86208539712465e-15,871794013502.374
93,4,7.81554447135558e-23,365479516065.514
94,4,5.17675790859323e-15,103657994.95801
95,4,3.76996689955489e-17,129143584516.369
96,4,1.88692072859464e-18,2432641768505036
97,4,3.91926020613291e-18,815266654199.614
98,4,1.54671805006697e-17,7289034234868675
99,4,3.92888340986085e-15,234413169630.285
100,4,2.57296779597608e-20,425633119432.146
1,5,9.11867282602663e-20,419643052350.663
2,5,7.47518905859241e-23,3918818923615057920
3,5,2.26368606872086e-22,7988403542406.34
4,5,1.67388798787713e-22,2177717207761290
5,5,1.22913405047576e-20,5926462169366846
6,5,1.73630683451683e-13,4132245503506201600
7,5,1.40074257220874e-18,1310331331188167936
8,5,1.17015455015818e-13,69896680789754992
9,5,1.67058742023697e-16,389695981385705024
10,5,7.96854163803122e-17,819534164102474
11,5,3.11092572345938e-21,2247223254757869312
12,5,2.69350319328874e-18,954798761238047
13,5,4.77099807080977e-22,1.14253786591028e+23
14,5,6.62079871223034e-18,942859976187273856
15,5,4.91078865727351e-20,5199015738813301760
16,5,9.46371566566873e-22,2.39754140232242e+20
17,5,3.25390298935776e-20,21933394169826996
18,5,2.30308856610577e-18,1126634563642060
19,5,1.60284260746641e-18,1097370730407974
20,5,2.25352632861061e-15,1294856217945773
21,5,1.19237450985404e-18,13207001356097.7
22,5,8.3697246334947e-16,317523372740866624
23,5,5.08441808096754e-18,189597285032459
24,5,8.83169452007259e-17,2224720333671586
25,5,3.96344297121355e-22,1651728908125450496
26,5,1.97279454745731e-18,612509231661694080
27,5,1.61655630440983e-19,55645056190447992
28,5,1.45479330668584e-12,41246004565469855744
29,5,2.45192592206835e-18,268203256347.527
30,5,2.40797001820887e-21,47019195988517.8
31,5,3.60733524225038e-21,58078668105565264
32,5,1.06434617663351e-18,61809457046981128
33,5,1.16086980944163e-17,12602570426696.9
34,5,2.92004151999929e-17,14490324712624.9
35,5,6.23460708314806e-21,308948917834517
36,5,6.50377810552985e-19,2091353423601432
37,5,4.73328859056517e-17,528903530513360
38,5,1.00635957269413e-19,12442502015354008
39,5,1.3696970077464e-24,6.50434512898182e+20
40,5,5.95563753944774e-14,308328013079200
41,5,3.73670667757492e-19,187259205383940832
42,5,5.28311177381541e-16,705739681944123
43,5,3.40298000673112e-19,55194425213035.1
44,5,4.38031511118328e-18,4374704593191.83
45,5,4.62338470653074e-19,2587404672350498
46,5,3.87356835821893e-17,890599874410287
47,5,1.27157458465849e-18,178748223162625
48,5,5.63931792111593e-19,416052148267535
49,5,6.02920133081926e-17,165677512929393152
50,5,2.0116147551603e-17,27539996597320159232
51,5,2.14780654115861e-19,7680949460368913
52,5,7.95548910979792e-20,3199656187488885
53,5,3.91273599272379e-17,154823123485607
54,5,6.93923199805178e-17,1796332613121995
55,5,2.863196394238e-22,64690858456499224
56,5,9.09490053263983e-16,29238086829359.6
57,5,2.15871252993254e-21,652565079447250
58,5,1.84414558766664e-16,367560030176.668
59,5,3.356259596044e-19,137878624667140160
60,5,1.24706854761986e-14,528522618455551
61,5,4.88290656464054e-19,15450932590224076
62,5,3.19606321343196e-14,Inf
63,5,2.4118234477938e-14,69893119388881
64,5,3.19747244763477e-17,3844603039693144
65,5,2.18117594195987e-19,307527686473564224
66,5,7.80898057183254e-18,58330737745601864
67,5,3.3265445522236e-17,79192538610731472
68,5,3.59077005628585e-14,834030926788423424
69,5,9.49956606188876e-25,528493547669488
70,5,2.8696422770601e-17,32770660514491.8
71,5,1.0226013241756e-19,6804363494847577
72,5,3.85094853794551e-19,324820666312460
73,5,1.2317175907505e-18,21557951777440.6
74,5,2.21209164326321e-19,89061271498358736
75,5,9.19003481794724e-19,125979280117148400
76,5,1.61589600760186e-12,10205804142148919296
77,5,1.22174794468246e-21,828633753166061
78,5,5.49876478809613e-20,1740379134436969
79,5,2.27918248071642e-20,4268300073993654
80,5,9.80299589807069e-19,Inf
81,5,8.33710302846819e-16,3371506534710547456
82,5,3.6741137270577e-19,1424240719993011
83,5,5.59226250287799e-12,4635988813294460
84,5,7.58187920147634e-18,6653663406336386
85,5,3.69831225427921e-18,2031245014615.56
86,5,2.96337314938137e-17,986532759271919
87,5,4.80187503377309e-16,8.4845182576491e+19
88,5,1.27827560575391e-21,1373413653279768832
89,5,3.29732760536445e-14,10014248256554.8
90,5,5.8506991480912e-16,441862668990954688
91,5,8.54398060046107e-20,2356177971459.11
92,5,4.27350821068385e-20,57263913917312152
93,5,1.65554655077583e-14,374519338094742
94,5,3.94362808426585e-17,1537606857885.42
95,5,1.917478282529e-15,850146455728.305
96,5,1.69532325381963e-24,703730444869.047
97,5,6.24057443606833e-20,23235253350667
98,5,2.0111343495585e-18,88066485591185.3
99,5,2.76242932119584e-19,44106402154400.3
100,5,2.59714400440639e-15,15532896003167668
1,6,4.08402374236704e-17,1643222772014490
2,6,5.11777946283079e-19,214607674739.588
3,6,1.4187985502372e-16,Inf
4,6,1.85192059683399e-15,Inf
5,6,4.19614093806486e-16,Inf
6,6,7.57653242403542e-19,18484273739246.9
7,6,3.38712632762943e-19,Inf
8,6,8.9207675717717e-22,3738736966452950
9,6,1.44108001730892e-18,540069465945.345
10,6,6.24464414051061e-16,Inf
11,6,4.57915663772984e-15,Inf
12,6,3.80416276664582e-23,258507432211573
13,6,5.53656926580256e-18,Inf
14,6,9.75530311813483e-19,2216328296524533
15,6,1.99252191882773e-20,102714979333892
16,6,4.39258321611714e-16,64667351740
17,6,1.46966952363664e-19,Inf
18,6,4.65531333090599e-14,Inf
19,6,1.77151908309823e-18,495720241556133888
20,6,8.79437114605026e-15,Inf
21,6,1.60384068130452e-24,199976526292479040
22,6,3.91588426129113e-18,Inf
23,6,1.00228198103804e-17,756796843484441
24,6,2.99014921557192e-22,Inf
25,6,5.18191842652333e-17,Inf
26,6,9.58311301181608e-13,12399771931757606
27,6,1.81407076192465e-18,7089222666698156
28,6,4.48007619275536e-17,Inf
29,6,4.55440673465303e-16,Inf
30,6,2.74514690515594e-19,614160894905.703
31,6,3.89932113770517e-16,Inf
32,6,4.51270826525371e-18,4032211106022725
33,6,3.35092062891723e-21,4464968721673.36
34,6,4.44300492627333e-21,Inf
35,6,1.26576852440205e-17,2970789966438
36,6,2.34107532883283e-17,5084329195290.1
37,6,3.78341372447532e-17,Inf
38,6,5.96056371754612e-20,32916745669.5944
39,6,9.43987618022601e-22,Inf
40,6,5.43427256133541e-18,6679758319769.62
41,6,2.2452203575351e-17,364081938201.241
42,6,3.78005900967193e-20,936306331153494
43,6,7.52940821965638e-18,10939221032071144
44,6,2.19408927773183e-19,33452164470.277
45,6,1.74542664636848e-18,269414951705589
46,6,1.23267349152161e-15,572259989310.758
47,6,2.71366942250054e-14,1605018124187
48,6,8.76732140544126e-18,89415282147.8574
49,6,1.37562435693194e-15,12861117908.5805
50,6,3.66477012228496e-16,938979322053.427
51,6,3.04254439163653e-16,136219084.671587
52,6,2.24878911191809e-17,203398102152606
53,6,8.68363873569939e-21,1101710512527067
54,6,1.50586542892183e-22,708297414559448960
55,6,2.90613215553496e-19,852592251599955
56,6,1.33228844789782e-19,Inf
57,6,1.78065240077517e-14,59073453587643.5
58,6,4.17660792629244e-21,1447475411443847
59,6,1.11028912302065e-19,Inf
60,6,3.97448899446121e-16,7736880674448.67
61,6,1.91091036837696e-14,1572251297401781504
62,6,3.26872593068791e-16,162866938109.847
63,6,5.87378448901187e-16,251605795259.902
64,6,3.47813008690475e-21,9057410427162.41
65,6,4.26025315445983e-19,3818893067560782
66,6,1.37296575314016e-21,1012465900759222
67,6,1.06692987347463e-22,99698096177234.4
68,6,4.82034321091974e-17,149165183335869
69,6,1.48311147163621e-14,Inf
70,6,1.44763205033135e-21,80100830051933
71,6,7.31409479048438e-14,3763544842949641
72,6,1.31090358118642e-20,Inf
73,6,6.29516089095515e-16,Inf
74,6,2.8173840228554e-15,12462393818.8652
75,6,3.74175631758129e-16,Inf
76,6,8.05142463920112e-16,144663807767164
77,6,9.98442152197373e-18,2721561319670.9
78,6,2.5700116685888e-18,28926475608352
79,6,3.11828809718709e-20,11899902159290.7
80,6,6.06796703655056e-19,1793193016.56996
81,6,6.48956865387275e-25,1.07990856148597e+21
82,6,1.87628959920251e-13,2643760226942730
83,6,1.39247257456519e-13,3264654980.05003
84,6,2.22894373084226e-19,1600958373339091
85,6,1.29524845248812e-15,59182909977383.5
86,6,1.34791594175274e-19,Inf
87,6,7.58761162273004e-17,Inf
88,6,1.26646901762737e-16,73592462150.963
89,6,2.11204299585891e-15,241241477786892
90,6,4.62575354380725e-16,79733103851.3135
91,6,6.5824535637131e-17,322470669421309
92,6,5.35238760386296e-15,152241293547873
93,6,1.24453893121455e-18,4192084476677906432
94,6,8.85917806967547e-19,15922736464042752
95,6,1.9853036260127e-17,Inf
96,6,8.66727733582625e-20,175087987460333
97,6,2.87882451993016e-14,Inf
98,6,3.36485567812889e-19,Inf
99,6,8.04141238359104e-24,23515290794756
100,6,1.03153733877635e-17,Inf
1,7,1.67088383065209e-20,5426139290581605
2,7,2.70413105488385e-15,74505435152.3026
3,7,3.52721191976412e-19,7391621191747662
4,7,6.42841886392329e-22,56628210.1990927
5,7,1.85909084015179e-19,411308015.849687
6,7,1.23541964305076e-15,2.45197555900665e+22
7,7,9.25550645545903e-14,5920275.33609474
8,7,6.07830461372054e-18,996350452566062
9,7,1.78676376243129e-12,71623212571.3294
10,7,6.88283607527806e-17,97316.02647553
11,7,1.04053065739454e-21,9123059517.27213
12,7,3.77221221917242e-19,1163474854123391
13,7,4.65794064062163e-21,942649720955.442
14,7,4.23217913001422e-19,9503854.39211243
15,7,4.42354779667354e-21,206896663.151683
16,7,5.18898728712261e-22,387606899685578240
17,7,1.25426293961013e-16,5750006336297.31
18,7,1.82803902698088e-18,8312464670596250
19,7,2.47423774499758e-15,4120517193558494
20,7,3.0310050887953e-17,38414932408.662
21,7,1.44833188552956e-14,19208682812187795456
22,7,1.46228855832754e-16,19994149180624932
23,7,2.02495161796944e-21,151156621803.519
24,7,3.6880722311682e-22,295680406554.348
25,7,6.297885914604e-24,1468716858842373376
26,7,1.48522607428949e-18,463213189126.632
27,7,8.38497583617129e-20,9147511334.23226
28,7,2.54913494092451e-24,2765167748628.97
29,7,5.28339578486175e-19,295493.458201407
30,7,1.76365309879439e-21,2997846066539672
31,7,2.37343057865922e-14,34290326529120.6
32,7,1.02356688448265e-18,6501075296355777
33,7,2.82194087517394e-17,1780.49227998999
34,7,4.57779658685853e-19,955880468432.595
35,7,1.17186074210033e-16,2525904680450.23
36,7,2.07809939885402e-20,543074179964.436
37,7,7.92832049709054e-18,267004821245.502
38,7,6.98644216690842e-17,260.137456613583
39,7,5.99648181826125e-20,627758362739914
40,7,4.12036997955747e-19,786231517791330560
41,7,5.75271621050389e-21,3.08877534881014e+22
42,7,1.97808415637723e-23,19771194451100832
43,7,5.00515204750847e-19,77862247936692368
44,7,3.18171467373101e-19,52380661389590.1
45,7,4.80579948017319e-20,1320141021928024
46,7,8.18584676489595e-22,123043795864380
47,7,3.54428837082141e-16,425879975227.77
48,7,6.91149516142721e-19,8255733253737.56
49,7,2.18589450590416e-16,26827935126.665
50,7,4.8194377844374e-18,2694985.67880376
51,7,1.23010574048955e-23,113032690028.943
52,7,6.75158626618354e-12,3955.24861277635
53,7,1.49895836147093e-18,500831410.886097
54,7,8.01339705507332e-21,6681404393.7618
55,7,3.6260001856512e-14,3476277232.39797
56,7,6.36760763352062e-19,1548451368954378
57,7,1.4180359904409e-20,932964359.204764
58,7,8.97164448951758e-13,48234929079.6048
59,7,9.09801573943926e-14,234884034292222048
60,7,1.22928022849828e-09,125018.49253961
61,7,6.26498246889248e-23,3837487139523388
62,7,1.99637895331161e-17,247164219089.937
63,7,4.14565467003961e-16,10042057226.3184
64,7,1.15293218247573e-19,37090503214532.8
65,7,4.70062755925125e-19,23608142372164.6
66,7,2.32164429486757e-13,28039143210710.1
67,7,3.203639677478e-17,13016792257.5311
68,7,2.02260436176534e-17,6648324933757.24
69,7,9.71496600580778e-17,3529798237069532
70,7,5.97119050356665e-21,44917414859816112
71,7,2.10270134699418e-17,2301910791392842496
72,7,2.63347275030428e-20,1.30301061598457e+20
73,7,8.21447827951537e-18,1568943732.28534
74,7,1.71514201910418e-17,2484357.82693988
75,7,8.05648629905644e-22,360800.855503752
76,7,1.11914942330983e-15,40586.177025217
77,7,3.67363475220051e-16,1453677.41063583
78,7,1.67851556150037e-20,12146986787295940608
79,7,1.41367454387982e-19,449544587.392875
80,7,3.81475360375919e-17,112975780620677
81,7,1.03177708407791e-23,70329367615174.2
82,7,7.99454734644316e-18,30934510.9946475
83,7,6.49446374450512e-20,1033315042542670
84,7,2.27306663215504e-17,71807.6620118786
85,7,4.89781084792375e-15,12571032521.2536
86,7,2.90197263881005e-22,1710408125158963
87,7,1.52009058004636e-17,38364.3544038677
88,7,2.80030769547752e-20,18935255.816821
89,7,2.72101104094083e-18,49192027652734360
90,7,1.66527906752828e-19,342549219563984
91,7,1.39645151180289e-18,5517842342.89975
92,7,1.37678269240228e-17,227551885914082944
93,7,1.52313836836424e-16,681350196904.801
94,7,4.77981397583879e-16,94850342452537.4
95,7,5.55051230023805e-16,26085723307940.9
96,7,2.38444044413927e-20,5645666894.86431
97,7,2.15277971215301e-23,47833229577752856
98,7,2.38636177153273e-14,6961.98625010905
99,7,1.57572647127548e-17,75226985524.8752
100,7,4.53790320908828e-20,275074158.668136
1,8,1.92709211312649e-18,1044.95459552857
2,8,8.78711045170608e-19,898481.656019109
3,8,8.67939377867807e-21,6785003.99654306
4,8,4.8015775324134e-21,29754142073.7652
5,8,1.05834938828818e-20,6424009562076.52
6,8,4.63713876488065e-23,501.669859838393
7,8,4.32361644973416e-19,2504.00293644104
8,8,8.6312138341189e-15,1314365.08350073
9,8,1.47300728565212e-20,170930756.153326
10,8,2.24290141201582e-17,0.240914230904698
11,8,6.08385659872837e-21,0.0351885331182469
12,8,3.17865371456191e-18,0.010904880786068
13,8,9.40105726045244e-16,27409.2814704576
14,8,1.69910756104628e-19,182.130269308106
15,8,2.445626420299e-15,592442.591524719
16,8,1.45182726415922e-17,1285741214.06592
17,8,2.57244655379794e-18,0.163937311293492
18,8,5.99963280094211e-18,295.450344451743
19,8,2.75262966616872e-16,70.1929494630919
20,8,8.60001937992235e-21,1087.52813219104
21,8,3.99949463589337e-22,672.79850708075
22,8,3.0706188901449e-21,0.0227980905254671
23,8,7.45933789277689e-12,4.82969658178946e-05
24,8,2.36155141278813e-17,20398369492.5635
25,8,6.27050480227574e-24,109.221095301318
26,8,3.14546462599418e-16,526396113.916506
27,8,2.39135587001699e-20,0.0930258716138962
28,8,5.77455842995695e-14,2564.8674286021
29,8,2.05340149548188e-22,5039.39337721472
30,8,4.59005522509025e-14,3066.75694401748
31,8,1.88769120483055e-20,24091433903.3612
32,8,2.26160138715984e-17,4.03725220623818
33,8,1.22229077350773e-17,3662012.51163577
34,8,6.44729223677413e-19,11328.5279846051
35,8,5.3269265952435e-18,283265214.425883
36,8,4.11113240068178e-16,0.0355462922048917
37,8,9.64380623312411e-22,1862310.77743465
38,8,4.57507325451918e-20,78212010295076.5
39,8,1.56758188396819e-16,3924.83937650247
40,8,1.05689362390412e-24,126263705989.956
41,8,1.83986196801509e-21,69331.6789959053
42,8,1.80613840706613e-14,20773874666.7055
43,8,7.25501585973773e-20,13929.2281643132
44,8,2.12648657301948e-21,3531.25647396445
45,8,5.79122423850417e-19,26428788.5678236
46,8,3.2731452183396e-20,271.300711001246
47,8,4.96342666651037e-19,2787877245810.58
48,8,1.23124458841016e-16,0.0267616557613032
49,8,8.8958839061713e-15,85595.6704672108
50,8,2.05460013924889e-17,11809.2679944168
51,8,7.32872825629382e-16,50284643.9907749
52,8,2.68229292841319e-20,10.1520200569471
53,8,1.69781546256961e-19,2077.79386408772
54,8,1.90064617087353e-16,84.4012383947587
55,8,3.55616761481235e-23,9.15341703894087
56,8,4.10275495439482e-18,28.4227311843844
57,8,1.94591826050483e-18,141119.459321663
58,8,1.0582752203262e-19,12495228663.1005
59,8,8.6186263380471e-21,6842.63831894011
60,8,1.59940303089211e-17,365499.205425118
61,8,6.19189406792759e-15,0.0023632939887276
62,8,7.21329313065744e-23,60361183788.5883
63,8,9.42050832863228e-21,234.792996113365
64,8,1.25757681326579e-18,0.0134468676253328
65,8,2.88000428823427e-21,114603.181899193
66,8,8.15086054970671e-16,35366.3293256901
67,8,1.73382796349435e-14,10106.0520271675
68,8,1.37938301190707e-19,5657.05191357029
69,8,6.13821988243246e-20,0.420309636057957
70,8,8.63915267568681e-20,52669.581505683
71,8,2.56441266961367e-15,327.569934080931
72,8,3.61261066857008e-13,2.91078006670146e-05
73,8,4.9825947444115e-20,70096374.9783845
74,8,2.45827469691504e-19,496448747.377918
75,8,3.63022205243009e-13,0.00701383999946743
76,8,1.44689941138715e-13,9.76280917768971e-05
77,8,1.82090603241251e-13,6942561827.08206
78,8,1.65130140098627e-17,58.1163935082127
79,8,1.78365898393851e-20,3.4741548234138
80,8,2.97698607169511e-11,3.32903603403629
81,8,1.12425317119791e-19,5287130.09901393
82,8,2.66589534235007e-16,731.42465624992
83,8,5.16266248104785e-17,12301043.2739711
84,8,8.54009265847875e-17,28220716912.9062
85,8,4.73051236904015e-17,515521379.887095
86,8,4.86496769187851e-19,129967.273120787
87,8,6.8762149889236e-18,516567.716702665
88,8,2.09009076999324e-19,131571.969023067
89,8,7.36453362621838e-21,40423630.1911002
90,8,1.70035255674973e-22,80.7366205120455
91,8,2.62543627759796e-24,2271666.2736826
92,8,4.13296044347293e-14,52686.4489680369
93,8,3.38382093708862e-16,854.611596704915
94,8,1.0905156618411e-22,0.0202605588283716
95,8,3.33188830607986e-17,351.156040275736
96,8,9.03244716971639e-21,0.0020944096952081
97,8,7.85300635853537e-17,1469130.75776886
98,8,4.36845360487241e-14,423.320771575503
99,8,1.95644768176512e-20,13534436.9750924
100,8,1.18994693570306e-14,80132.6342382259
1,9,1.96335485257662e-18,9.42519637700813e-05
2,9,1.79984965051717e-18,0.000106667590382561
3,9,6.61725113494007e-15,1.55001387319942e-06
4,9,3.71756327280497e-21,4.02045308741985
5,9,1.27196576422936e-20,2.28496583039261
6,9,1.02773935534273e-15,9.31510704035228e-08
7,9,1.29004744459496e-15,5.56203324529056e-06
8,9,5.10729729880217e-18,1.63167184393444e-06
9,9,9.65799942519643e-16,0.00162414264391525
10,9,4.64357101245047e-18,0.00144717934719699
11,9,7.03318109501619e-16,8.10672427924293e-06
12,9,7.01761127876056e-19,2.6300041980149e-06
13,9,1.54694319790142e-14,0.0131781645500103
14,9,2.44819874544603e-21,3.28317682103846
15,9,2.57804647755555e-19,6.44300037392053e-06
16,9,6.91947556448718e-15,2.09504954879846
17,9,6.74246430670188e-19,0.133318325305927
18,9,2.96906242065156e-21,7.47875669106527
19,9,4.90485579683212e-19,0.0572012389073263
20,9,1.57352099043547e-20,0.00158257381286915
21,9,1.07248638299694e-13,0.00036640337960822
22,9,4.06352698553042e-20,7.59428540147729
23,9,3.43130257462619e-20,1.84391859836021e-06
24,9,1.54386826868135e-18,4.09124226594647e-06
25,9,3.01494820748137e-14,0.130029711142186
26,9,1.5412384224912e-19,0.00125620150996229
27,9,9.19468285094176e-18,0.0543311513776289
28,9,1.1986650995216e-17,0.000818921667839343
29,9,1.35358075366613e-18,0.00180672093458871
30,9,2.03098629175982e-18,0.0930163931504657
31,9,2.02870371526923e-22,6.70517135636468e-08
32,9,2.92356839796972e-18,1.05508208180905e-06
33,9,1.7542238312853e-17,0.00646311390746365
34,9,5.92891401669576e-15,0.00169952574421016
35,9,1.57289032249498e-15,2.14511228326759e-06
36,9,4.44150027971139e-21,3.83204223908901e-10
37,9,1.76497389238437e-18,0.0243714787459061
38,9,5.33007743325304e-20,2.77044200671679e-05
39,9,5.05492943898357e-23,0.0893921978134315
40,9,5.39094881525691e-19,6.66696671387794e-08
41,9,1.9365815794294e-18,4.15506851950912e-08
42,9,6.22140434062198e-19,3.40169894293339e-06
43,9,5.13753750421181e-21,0.000269587957719262
44,9,2.20417184983472e-17,375496856.735863
45,9,9.71029555027718e-21,6.07709377907724e-05
46,9,1.06875646202679e-19,2.37862913408918e-05
47,9,1.56423486389037e-18,2.35918467324103e-06
48,9,1.24769266778494e-14,8.58987300875233e-06
49,9,1.76163305226728e-22,0.000738651881743489
50,9,1.89168680448187e-21,10.7254382237996
51,9,1.59357059256044e-21,1.16702819312094
52,9,4.01805032455389e-20,6.03223770229411
53,9,2.63709869994615e-18,0.000379325235422556
54,9,1.64896974188515e-17,2.62869907436565e-05
55,9,1.01745646087313e-15,0.078450469673469
56,9,3.2938745409039e-11,0.084386704020873
57,9,8.60647119595132e-19,6.21314551217993
58,9,1.40581705192738e-20,0.0013660586403297
59,9,2.76193992509867e-20,4.7357973501224e-07
60,9,3.66840300046088e-20,6.00147071974442e-05
61,9,9.35631005470189e-16,0.0892790378475229
62,9,1.02406306279237e-18,0.0236325292829385
63,9,4.13979337704211e-16,0.000253484681325617
64,9,4.3405921689189e-14,0.0253380465342482
65,9,2.07864077460719e-17,0.000244791335005224
66,9,4.13054270701084e-23,2.03590699111051e-08
67,9,3.68555246603737e-20,2.06121286669767e-05
68,9,1.97882571041049e-18,235.993325444515
69,9,5.19160828533144e-18,0.000114553479619549
70,9,1.21921617267194e-14,2.2951029875511e-05
71,9,1.44649834215595e-17,0.00184384046341944
72,9,1.87374464754904e-16,2.36961869323916e-05
73,9,6.27160227941008e-17,5.24746781592367e-05
74,9,1.15129749251851e-19,56.2518735671925
75,9,6.9422540868994e-20,5.53510169991917e-08
76,9,3.43622180606669e-20,1.17428732308457e-07
77,9,2.37177925106675e-20,6.27838605158723
78,9,1.21523725235701e-20,2115.01864379706
79,9,2.94819382078575e-22,16.5274655484083
80,9,1.84142522725199e-19,0.515901695855595
81,9,3.25708862422379e-16,0.00577725592410665
82,9,9.15420498957394e-25,5.43554831193783e-06
83,9,1.04972323880332e-15,0.00086986151645312
84,9,5.79397381302611e-16,44.4225054546838
85,9,1.41366163038438e-21,3.25816076624512e-08
86,9,5.76277444421715e-15,1.69119546720201e-06
87,9,3.57925178753218e-17,78718.7223700939
88,9,1.07679528180793e-17,0.00449834848184829
89,9,1.10290469257712e-20,3.82102718532907e-07
90,9,1.57137719632857e-20,0.000467008064432541
91,9,1.10951945750815e-15,3.53970845056466e-05
92,9,1.54441735623868e-20,2.90339401615828
93,9,1.97486017439812e-21,0.0914177802306836
94,9,1.56691955438524e-20,0.00215078567306772
95,9,7.31451835383714e-16,3.8494505789004e-05
96,9,2.2867544751132e-16,8.08349484377058
97,9,6.13175573422067e-23,1.02871728605482e-05
98,9,1.56891431644269e-17,1.09094347182401e-06
99,9,1.37391965011094e-19,9414.127436022
100,9,1.02234528253122e-16,0.0902113517207553
1,10,1.05276988423518e-17,0.000638517227565693
2,10,4.98940524382493e-21,0.00011724376756057
3,10,7.2217237845685e-14,3678.87405963038
4,10,2.74571923439265e-12,1.76728097027815
5,10,3.2029382503057e-18,33.8571212139663
6,10,4.97297152607647e-18,2.55512704290599e-07
7,10,1.65004908017225e-18,748.886625979077
8,10,2.06091928249906e-11,557.162999521565
9,10,2.07528743410121e-21,127.572329886259
10,10,1.95051319924889e-20,0.0491331272891904
11,10,1.07710763195068e-20,0.00487536700321674
12,10,2.32281005716796e-20,6.44023912866245e-05
13,10,1.76354723213986e-16,332.521852953888
14,10,8.35142727799074e-16,2.18094287180839
15,10,1.48833616433109e-14,0.0830632375334541
16,10,1.78144167992937e-21,33.1409379578012
17,10,1.29053416620664e-23,0.0557520957113859
18,10,3.47966142431062e-18,1756.59405157275
19,10,5.36491093656742e-16,4742373.90495189
20,10,5.78779127301335e-12,217.645859632765
21,10,2.82822984224987e-14,26.867861868074
22,10,5.2963163510787e-19,0.00196849628084545
23,10,4.67162607422459e-24,0.0123495806208732
24,10,6.24974750868729e-19,2.77085205606295e-07
25,10,4.31213602915436e-20,262.463454916299
26,10,7.4073805885364e-19,1.6440784636153e-05
27,10,6.75446595579659e-19,0.0879876326046052
28,10,6.12841605997826e-22,56.9264703050121
29,10,1.7116913297024e-19,1502.0274848793
30,10,1.65860680963945e-14,7.41506864439031
31,10,2.16372138205544e-18,1260866311.04789
32,10,2.97489009483141e-19,0.251058403524367
33,10,4.90223074084889e-15,78.7493497219653
34,10,1.77790239566845e-25,0.00179219320993498
35,10,3.71029033969136e-17,2.84061750615204e-06
36,10,1.59018647717115e-20,4.80560085780768
37,10,2.78661313576406e-18,0.00015399040639315
38,10,1.66298600300933e-18,167941.249601471
39,10,1.96955875197163e-18,3.91867607965193e-05
40,10,6.56351905388755e-26,4928.38927777415
41,10,3.28529172278165e-22,0.0368288366480133
42,10,8.95141182078154e-22,0.000755861423061507
43,10,1.33782842221724e-14,3.38896274023599e-06
44,10,6.93655597061508e-23,7186007.97114942
45,10,6.83539928613725e-19,0.460353834919737
46,10,3.24778567457629e-22,85.6117242996581
47,10,1.26073414098358e-23,0.0019323622368808
48,10,7.7468025961111e-19,1145.26520144662
49,10,4.53897142234842e-17,0.832026464273218
50,10,5.52885333293459e-18,0.0200394912300681
51,10,1.63087988208305e-15,0.00117526639641248
52,10,4.88329225790442e-12,0.00125075286640532
53,10,4.97458396497493e-18,1.80863516923181
54,10,2.31108185251877e-19,0.212840939116253
55,10,5.72232006586742e-15,32.3734683388921
56,10,5.83818873257363e-17,0.00674153848805752
57,10,3.20105811261814e-14,77.4312711916937
58,10,2.08897134316936e-16,5237.13696909274
59,10,7.84541668308571e-21,0.00144971283015589
60,10,7.96923468917124e-16,1.20409274270603
61,10,1.04481517984767e-14,0.00156417703076704
62,10,3.40389382873559e-18,5.65291269287331
63,10,9.01765230997506e-23,99069.4439698819
64,10,7.29271715068813e-19,0.0409932965748271
65,10,3.45270408274547e-18,0.169071206430195
66,10,3.32016740515991e-18,15.8607194947537
67,10,8.47164484417833e-23,0.248801587963577
68,10,5.25957625783304e-20,0.340951230750825
69,10,3.12658479373303e-19,7.99390547034342
70,10,1.33509447719499e-16,0.0099131490357397
71,10,4.96947502623255e-17,0.299663337224523
72,10,6.94517020043511e-21,0.234444221713037
73,10,1.87324846191974e-19,0.000271690772999313
74,10,1.58729247207025e-15,15543.8548157768
75,10,5.42775154847835e-22,340053.83091318
76,10,3.17031587255961e-20,7.88785396477625
77,10,4.99268338632626e-20,0.000323488907417604
78,10,1.86135558695705e-19,11.0115691475953
79,10,1.13145300403711e-11,522.207414356808
80,10,1.05771246771534e-19,0.00379759411230821
81,10,3.77253822247393e-20,1154.02443014359
82,10,4.69096489685912e-23,2.97018662728587e-08
83,10,2.77203616896036e-17,0.11418673505175
84,10,7.93709271364401e-19,197547.698919673
85,10,1.34625517058218e-22,3.47129108969624
86,10,4.10582061308406e-16,46.3913006712901
87,10,9.49598774833788e-16,0.000904745477613055
88,10,4.59214705433984e-20,21.6837625044677
89,10,2.84222289580231e-20,0.0670793649883787
90,10,6.41623371512706e-12,567.907056031416
91,10,2.83696378073597e-14,16.4800627101709
92,10,6.19571429633462e-12,3.27481550426871
93,10,1.57719028440071e-19,7.53812089947334e-05
94,10,5.40947364870705e-13,0.0130585495945781
95,10,2.06957696760912e-21,71.9198135495943
96,10,1.07659834035808e-18,31414475.2718778
97,10,8.49349534738912e-17,138513264.09335
98,10,3.3106917550862e-18,0.000655304734315612
99,10,1.38942589708671e-18,972.517873284105
100,10,1.17142582512447e-18,1778.98738817939
1,11,3.40386911232738e-17,91894943.4576318
2,11,3.25307238934547e-18,183291.956652491
3,11,9.30327002886093e-21,465.545471751133
4,11,1.05531900334608e-16,6139411520471.76
5,11,2.25988822853842e-17,79028635107129.5
6,11,4.4922901022629e-19,44784.0400029685
7,11,4.79726755804267e-22,24286657715.1406
8,11,4.34672308763718e-21,9740809.69892471
9,11,1.0787410398071e-16,92257930711.8549
10,11,9.48130881925272e-21,194586.423432848
11,11,2.17696820687584e-18,2286322854.27378
12,11,4.56348990752526e-21,169.604381334293
13,11,9.95561325387859e-17,5637631.73118015
14,11,3.88415982549934e-20,765476452.723133
15,11,1.52670354866675e-22,8731468.09817884
16,11,1.04072671599679e-19,139.685422523407
17,11,1.38165163825463e-13,40220361.2539125
18,11,3.3115938227003e-19,3234881.32581338
19,11,6.12261570386904e-20,158.364028395169
20,11,1.33149525596451e-15,47550333721.5123
21,11,2.26060591228318e-19,448275715.14437
22,11,1.87894349149058e-19,5264.4723388938
23,11,1.37816276034244e-18,317469086.917549
24,11,2.206818165199e-17,34936862.2729403
25,11,4.83786723646175e-21,335444661353.985
26,11,1.00050908663943e-19,2798237.74819674
27,11,1.87283144945904e-21,3012494.52468104
28,11,2.35087975692034e-23,3794157562.82805
29,11,5.15387943245113e-13,43023917.0897732
30,11,1.55701031085316e-14,3683355955.87624
31,11,4.91797763300534e-20,852624.617478222
32,11,7.58122184714923e-15,3294908.28853953
33,11,1.58288173730197e-18,36037.1467040685
34,11,4.36985633114755e-22,4428436.88320655
35,11,1.57518870279225e-19,481574485.746596
36,11,5.72382849226211e-18,44121.3865107651
37,11,3.96537445661663e-20,55743.3204400818
38,11,3.3942855581619e-15,479673067.549703
39,11,2.68326018537914e-20,11459793.2055972
40,11,1.18001827555857e-19,3583.27758695639
41,11,2.48644343078394e-22,7376543.01164115
42,11,4.6244379411739e-17,10991242.1694689
43,11,1.00217696425955e-16,9930487620618.85
44,11,2.37111772764785e-17,11239668.6797843
45,11,4.24905759631559e-19,170592.631021085
46,11,1.91719918586218e-14,44579943.3059266
47,11,1.26120791944465e-16,59381427283665.2
48,11,1.29077427456081e-20,620745555.753536
49,11,7.67907825806341e-22,297056857.7823
50,11,3.3680826122196e-22,16912144.1221905
51,11,5.19158878135808e-20,244399399690.248
52,11,2.5887837353756e-16,27266.4081293988
53,11,9.14667746276968e-18,3379437521.913
54,11,1.75400348582387e-20,180736739273.56
55,11,1.12460690616773e-15,15258247083.9826
56,11,2.10801486566331e-16,16689603.3162941
57,11,2.59836422852913e-21,131683293.244514
58,11,3.06608187642144e-19,122538.791249874
59,11,1.25361121874817e-20,12862.0706065881
60,11,1.89083796885309e-16,409360384.369178
61,11,3.01860977898428e-20,1407576172.16194
62,11,2.45688152428171e-19,68576.956509372
63,11,4.66787548650775e-21,71667130.4188279
64,11,2.04121386179332e-16,72250.2493896542
65,11,1.33070995426983e-20,729582141.486769
66,11,4.13762687949977e-17,179217309.606842
67,11,9.13179309134903e-16,330774.356753973
68,11,4.60628858117279e-18,32781038.7701699
69,11,1.14536545519785e-20,691556.662633456
70,11,2.15363641509819e-15,1554.28275342186
71,11,9.32198660290894e-17,112805098.04425
72,11,5.23916091662178e-20,11382207230074
73,11,1.3747413852398e-19,404.235484302149
74,11,1.47786720895652e-23,19880848331.4055
75,11,7.51388032314903e-18,828945401.534709
76,11,2.09558307623818e-11,282205.301629213
77,11,1.21319942652442e-20,12304721.1833866
78,11,5.56791984450354e-26,961459.746312352
79,11,3.34961239676631e-14,1916.06627968484
80,11,8.00710479407921e-21,3934167.71210404
81,11,4.53206288307036e-21,117946.724647741
82,11,3.0642698260006e-17,1324470.04980361
83,11,3.0504599946845e-14,6356304.56237223
84,11,4.18303867780944e-17,1292527.14854853
85,11,1.10812342902343e-20,68994.0883685701
86,11,1.03863159656904e-21,280227197.71887
87,11,6.73692009892066e-21,55930373.922643
88,11,5.97180879205435e-19,10242831592769.4
89,11,1.89994192696389e-16,3608823.33340662
90,11,4.90570661514939e-20,9168.65693520447
91,11,4.79434531029318e-22,3401830306.39689
92,11,7.68686925143683e-12,13719.4011312603
93,11,8.65777231283043e-20,271609318.179161
94,11,5.03789189824637e-21,4537.06756170796
95,11,2.50289762432538e-17,3463208406.45829
96,11,8.30775437753529e-22,11632528777.1711
97,11,1.59881287066513e-25,586.047332632489
98,11,5.52650977095892e-21,105103.535591071
99,11,2.95017483793901e-15,1177186.04061409
100,11,2.86981252133755e-19,56630832.0044413
1,12,1.51157061859162e-15,4.75511129505965
2,12,1.82388135503098e-23,4.27145633782326e-10
3,12,1.66790603948939e-15,78.2530621527092
4,12,4.36477958011941e-17,1552.1955028268
5,12,3.01124611652127e-13,4.6522144184177e-06
6,12,4.19196363185555e-23,5.94646110833683e-09
7,12,4.09048131015956e-14,3.16581360976965e-05
8,12,9.39516383553501e-18,429.50500705357
9,12,1.04610039667777e-21,1.0880102594106e-05
10,12,7.74303882194473e-17,0.00943240499740469
11,12,1.59389010170532e-17,3.78135114104288e-07
12,12,1.93418516040136e-18,0.00214091202387207
13,12,6.56462489313271e-21,17.5654899654138
14,12,4.83864792691035e-22,324505.393723804
15,12,9.18411874661664e-17,0.013494823884573
16,12,1.51805255448493e-16,13.5279881226499
17,12,2.91353336716996e-14,11044875.8854264
18,12,2.02797555307945e-17,8.65195992479637e-07
19,12,2.97802684960628e-16,433514.031042669
20,12,3.56704167588128e-21,0.0359788211318763
21,12,1.55830367316863e-17,5.48452624554618
22,12,3.03412101397069e-18,0.053489885910386
23,12,2.07562948917081e-17,0.0455440914692342
24,12,2.34615148205705e-19,1.30439765302719e-06
25,12,1.53708332882476e-19,9.89759993100333
26,12,1.6491947807543e-22,3.77942120734975e-07
27,12,4.10019276409996e-10,130284.857394554
28,12,1.42035894943254e-20,11949.9680950263
29,12,2.61785449879227e-15,0.104464249121161
30,12,1.32620856039877e-22,0.00853640727058474
31,12,1.09424133505175e-22,4.97597067807844
32,12,2.77196761362178e-20,0.0398363447582411
33,12,2.21263773093632e-16,6.0085561826613e-05
34,12,4.63858043957532e-12,0.00186315060740116
35,12,9.37112838760004e-17,1.50205187872402
36,12,1.64630483991177e-19,1.7389862842722e-08
37,12,1.80926096000396e-19,0.656186346636437
38,12,2.50725948290104e-17,0.0822364856423524
39,12,1.00032033775026e-22,2.47824959429942e-06
40,12,4.40579349662157e-13,0.000193739117599851
41,12,1.17937870294529e-18,4.46168385732381e-05
42,12,4.84424576330296e-20,0.0281023249276647
43,12,1.26070864430381e-19,0.816262128982318
44,12,1.38524000753303e-17,2.42030421247557e-06
45,12,4.15121898174367e-17,4.6033335460047
46,12,1.40952813304302e-20,0.0179516530376481
47,12,2.75216950656682e-23,3.73989562902762e-07
48,12,1.87808205226765e-21,9.0417854763355e-06
49,12,1.20254331585368e-18,1.98130027428462
50,12,6.87612009711577e-17,1.10413364643449
51,12,8.83800013624562e-18,0.210913743062443
52,12,2.45595668588348e-19,0.0871263379017546
53,12,3.09517558516236e-17,0.000300867713473841
54,12,1.07860480371244e-16,19.6447652973849
55,12,1.66407834549794e-21,0.00016227428032598
56,12,1.29830206807522e-22,2.20699325280223e-05
57,12,2.49468240270207e-22,0.0305282942856511
58,12,3.73076096176093e-18,0.0106499366948341
59,12,1.70275878582777e-11,7.07718140720297
60,12,3.36032531890226e-21,2.71108121616594e-05
61,12,1.91116394286973e-19,0.00166157068212025
62,12,1.86634366784515e-18,0.000174811309910983
63,12,7.31927478986314e-17,0.0236004235977619
64,12,8.0713073453669e-21,0.0207868024592656
65,12,1.43927667055268e-17,1.13390347839041e-07
66,12,2.59754050499135e-18,0.204657896349219
67,12,1.1649447594284e-18,8.69090003273977
68,12,7.51880504068351e-14,0.173236024707874
69,12,1.91140399268655e-20,0.00648106316345165
70,12,1.88539826875133e-18,141187.104916769
71,12,1.93449515887452e-19,1.16470822093096e-08
72,12,1.44091134651753e-15,0.0142377860661442
73,12,9.34487370754011e-19,6.48445765431738
74,12,1.11037829220008e-23,0.110052867310181
75,12,1.55074453958734e-20,0.0480518588869583
76,12,4.59025295348109e-17,3.14359764654608e-06
77,12,1.88771400435063e-18,0.000907970609708463
78,12,2.27251996544142e-16,1.10338911722994
79,12,6.18673001621684e-16,0.77264574048853
80,12,1.25868916744381e-16,3286.49299359752
81,12,7.86848068983126e-21,196.191864011161
82,12,4.79571289990139e-19,0.442792727012722
83,12,2.66230286190076e-17,19.1504528002709
84,12,9.54386105037338e-21,0.24621021201261
85,12,9.3578272215261e-22,3416.46606924793
86,12,3.20569396111054e-18,6.50437136789075
87,12,3.55543691223851e-17,0.391178846624199
88,12,1.16697569502083e-19,3.23804601207457e-05
89,12,2.15719148757317e-24,53.784334401578
90,12,9.30202022111455e-16,402.235081399869
91,12,4.77968410679746e-15,94273683.8687533
92,12,2.33503736111822e-19,127.527716124097
93,12,1.64024960383839e-18,0.0225274647061446
94,12,3.74789016305908e-19,0.134775506603161
95,12,4.62214779917798e-22,5.96378617349964e-06
96,12,1.04916526643766e-19,22.5579492850897
97,12,6.1279134499289e-17,0.00219163011418542
98,12,3.55625867369099e-18,0.643234217119705
99,12,5.29378251699493e-19,36980.9110672386
100,12,1.58557143516536e-21,0.000387134185505135
1,13,1.67745339869974e-20,2.05531133476984e+20
2,13,1.71865245224896e-22,6179803900770722
3,13,1.52428183530365e-19,10236454349391066
4,13,3.99860679706897e-21,10280743733881
5,13,4.57805148200992e-18,Inf
6,13,1.91650508938485e-14,526684513701037120
7,13,9.02140288513479e-17,Inf
8,13,1.62044086035121e-20,21263839783240904704
9,13,3.5346777695115e-17,7.37247228725191e+25
10,13,1.41701717371918e-19,2.35920529805939e+22
11,13,1.72609900304565e-21,4182619340482666
12,13,2.23247660302784e-20,31774011319656092
13,13,5.68170316355734e-17,Inf
14,13,2.02644449223303e-18,5.96067532165482e+21
15,13,5.0450633928666e-16,5.56874621018795e+20
16,13,1.31277122572571e-19,86826317974965344
17,13,2.71660477882373e-17,308761394091401
18,13,1.3476215147496e-17,5.17950320516828e+23
19,13,2.3863692327849e-15,4.58712894215645e+21
20,13,1.1408096212556e-25,315655901741046
21,13,2.6997170078706e-16,Inf
22,13,4.63473881185018e-23,5.41150845595953e+20
23,13,2.92105879351657e-17,1.13463489790295e+22
24,13,3.70132249408759e-21,96063366211401482240
25,13,2.84262196442188e-20,1402114197298298
26,13,1.41791077268535e-18,10828333848303188
27,13,3.83188451164307e-18,Inf
28,13,3.33877351198519e-18,2.79079302563003e+20
29,13,3.49920623886597e-21,674316483482068
30,13,4.32024091464073e-18,1324841150093282304
31,13,3.97761895439323e-13,658089359906703
32,13,9.3248396648715e-20,3.37337729868613e+22
33,13,1.26418604808287e-22,1.00243567200279e+24
34,13,2.24431822778393e-21,4085807748780526592
35,13,1.26019792259073e-19,1622717321296775
36,13,1.96173788025824e-17,214984446951244
37,13,8.27633371390112e-17,Inf
38,13,5.07755278696095e-20,16198816936617938
39,13,1.34981616319187e-18,52409713596509200384
40,13,1.1388902527046e-17,966518582696765
41,13,3.09579938242192e-15,61342748988365.2
42,13,8.95783013278928e-22,1666636361646193664
43,13,9.98167564459401e-21,18495357438679527424
44,13,1.20797950129358e-12,Inf
45,13,4.51814671824753e-17,1.54545370391661e+21
46,13,7.1229124363308e-21,Inf
47,13,1.58143059851903e-19,2.32864545566764e+26
48,13,1.61775547015536e-16,Inf
49,13,1.78386798898286e-23,11220740700809084
50,13,3.12726222180838e-21,4697392305159268
51,13,9.78899155961768e-22,40726601905276472
52,13,2.23942520893137e-16,2.48503677412822e+25
53,13,2.82255261408414e-24,2.03452847760474e+20
54,13,6.33887484329504e-22,2466798750411720192
55,13,4.98572828890287e-20,40519858909022360
56,13,9.07855806739161e-15,Inf
57,13,7.29906963709993e-22,5459710082774049792
58,13,3.985723221135e-22,713709955630095
59,13,1.43123538532284e-18,6.6229106890512e+22
60,13,1.18041133548018e-19,113830848230426048
61,13,4.44496182747119e-19,624748843287623
62,13,2.20430824911497e-19,9184045072321460
63,13,8.89087819233962e-22,874315877812827
64,13,5.11970527549786e-14,Inf
65,13,3.20051119379346e-19,50938356091511496704
66,13,5.5189513101189e-19,1645954139514707
67,13,4.10899631642911e-16,134271343955557
68,13,3.84045867116891e-18,Inf
69,13,2.93571229462741e-11,54433856122736488
70,13,2.73261734101998e-17,2118752783904042752
71,13,8.79030804157813e-13,222300531022456512
72,13,7.29891327212799e-22,11392757962617024
73,13,2.7730921059195e-18,4846780728180775936
74,13,3.08758685599881e-16,14766899257512354
75,13,3.60603625794816e-15,3.92149825729498e+22
76,13,1.29295470345159e-15,2.06483976033242e+21
77,13,1.42997186543249e-18,34236814992874832
78,13,4.08386737652875e-16,Inf
79,13,5.18621715264556e-18,24763232494241604
80,13,1.18210944170634e-15,Inf
81,13,1.59696374789166e-21,4.83341308101841e+21
82,13,1.28832645063465e-19,2162432674502125
83,13,1.77786230184111e-14,837612806128153472
84,13,1.3126157769702e-19,1698425015430586880
85,13,3.64511011514961e-17,Inf
86,13,1.15309049923936e-18,Inf
87,13,5.76960626930601e-14,3.5260810722971e+23
88,13,1.09794512547958e-20,1.87065165191966e+24
89,13,2.00439077357159e-14,2025979063531978496
90,13,7.55237093120748e-22,Inf
91,13,3.97067438180452e-19,4.69622505007765e+21
92,13,5.38416649268043e-17,5455586611643710
93,13,4.82227515338602e-21,195640590453444704
94,13,1.17946995506131e-16,664378881342006272
95,13,2.54595496374322e-21,1.82834220705435e+24
96,13,1.02308798539618e-19,335348163781700672
97,13,1.75084523126299e-16,Inf
98,13,5.25138377780899e-17,264073732067111360
99,13,1.69189517939662e-15,3434430438135826
100,13,1.42028788747817e-14,21645740102965724
1,14,1.70573451517624e-18,4.02895485529531
2,14,9.53277175635823e-17,5309.90038715495
3,14,8.03535737767563e-19,2324.33326894759
4,14,1.76837579301566e-13,1.71866945803009
5,14,8.0192566342941e-17,13821.2657376945
6,14,5.1539416633472e-18,0.000690806365501673
7,14,1.66278322572863e-19,0.000161726977917115
8,14,2.11625259767165e-19,0.000737730018354689
9,14,1.94794949416275e-20,0.00976108192949673
10,14,1.01388949802694e-18,1.79311275848921
11,14,8.57567185792244e-17,0.00447240455533819
12,14,3.90810238740937e-19,0.0480268402247811
13,14,4.41619550057107e-16,9.43738090989449
14,14,7.52730647873015e-17,216515.70006581
15,14,1.70770152355371e-14,0.210890502428325
16,14,2.14961140165761e-15,10.8141607380415
17,14,5.57246372968727e-22,0.00703715280481713
18,14,7.05608720125848e-18,0.15710449932705
19,14,4.9374334988656e-10,65533.7070144942
20,14,1.28415950845547e-16,0.662543327701905
21,14,2.8604021886052e-19,0.644308172950986
22,14,6.35796844309347e-14,0.00350914769110362
23,14,7.06743085627321e-21,0.0213370291527626
24,14,5.30401839298313e-15,0.015443147994222
25,14,5.51091884845708e-20,0.0406166330333193
26,14,5.45809801476489e-18,3537.43808802634
27,14,1.21002545800767e-14,0.011190403248111
28,14,1.09841774085655e-16,1.31588882527359
29,14,9.33415013264668e-20,0.0042922448127857
30,14,4.42545612102786e-19,148.052717797351
31,14,5.16243577968177e-20,0.00148115232866396
32,14,1.62060735379159e-21,43.6709558125077
33,14,1.07177605177603e-15,0.00927721378901665
34,14,1.16675882188256e-18,13875.6857428013
35,14,2.07123163529148e-19,0.000177520400402858
36,14,4.60861636259147e-20,46.025859560694
37,14,1.97300145707048e-11,2775117.89759457
38,14,3.1861629007433e-20,5.55423769831563
39,14,6.16340683181262e-20,29836.4840528943
40,14,1.41075860139967e-15,0.011701601336521
41,14,3.64122516688152e-13,2.99078972229484
42,14,4.07010012088318e-17,23.251063818361
43,14,5.86620458323659e-15,170.155984934913
44,14,1.77321315879124e-18,64.2587929531523
45,14,2.1060340210615e-19,0.0223787272150846
46,14,6.83046444354726e-19,23.8174865580027
47,14,1.55566798034795e-16,0.346171159216296
48,14,6.12358416615794e-21,0.00226447711929258
49,14,2.02467667671782e-16,48753.6672318399
50,14,5.78474688866557e-15,0.0667370459364479
51,14,4.14528527928061e-15,0.000467061041634679
52,14,1.34456658466143e-21,0.00154667127228585
53,14,2.25361814840407e-19,0.0309704322361996
54,14,2.43188078367514e-14,0.631760040363994
55,14,4.33798213515385e-16,29.2095036185231
56,14,6.90239661045742e-19,0.016641541242021
57,14,4.82762397856849e-25,11.153816607715
58,14,2.42485482648697e-16,1675.83456766798
59,14,5.36735771961152e-17,0.00907615484211841
60,14,2.25625385212134e-16,0.0501320205538192
61,14,2.27784089466963e-16,0.000593016484433349
62,14,1.70409341531335e-16,9.2961669772371
63,14,3.33210864264271e-18,0.000113839620344853
64,14,1.17889290811355e-12,0.0543049931706328
65,14,1.76132415845506e-15,0.000647558126484211
66,14,6.20817237305193e-19,725.309302968272
67,14,4.28901305269366e-21,645.847138015252
68,14,5.24596193011323e-19,0.0742600182358771
69,14,6.70198144485025e-19,0.00225004647161578
70,14,1.42290911682692e-19,8.42439791481413
71,14,1.57108571657903e-21,84.9995865723149
72,14,4.48590878284795e-23,506.275186243675
73,14,4.13302325946938e-18,1.10710807067583e-05
74,14,1.91830927872052e-17,0.000133116714590119
75,14,7.18138380406577e-18,0.00732271209841116
76,14,6.28923993360113e-17,0.577862891523927
77,14,3.94951571088205e-20,437.182868649911
78,14,4.06675411894762e-20,342.342381227115
79,14,4.41677014129093e-16,0.00528479053566918
80,14,3.41720973685872e-18,132.732599575429
81,14,4.78086831049971e-22,0.00539118677483885
82,14,5.80698901444836e-16,7785.26823674125
83,14,1.36054207916352e-18,6.66746188205847
84,14,1.46456404378845e-16,0.0146198531767229
85,14,5.49895530272522e-17,0.129144313134414
86,14,5.83283809996319e-20,62.6953035480634
87,14,1.82483152102413e-18,1155.61912282385
88,14,9.35898642950446e-16,1095.83167731854
89,14,3.00422246395851e-20,7249.17123597465
90,14,7.99268328396125e-20,7.0274103057666
91,14,5.83983277083923e-21,544.22199240316
92,14,5.19093207391077e-22,0.910992187352754
93,14,2.6383694914748e-19,0.0488471099413577
94,14,6.99358324451743e-22,3927.63865005116
95,14,2.4216098378116e-10,2145.12442462028
96,14,3.56123223497585e-20,642.185679512233
97,14,5.42522058545935e-14,2324.78869212234
98,14,4.5695799283065e-17,4.07935581475961
99,14,7.4179998755517e-17,231583.187421083
100,14,2.08358218344088e-19,0.945089098678875
1,15,9.16358719733101e-18,396083999.04702
2,15,2.89195968191651e-18,423.532241881206
3,15,2.24588117337205e-16,175336497.290014
4,15,4.66525360395794e-19,507269.621403653
5,15,4.39073268390039e-21,1339412.04573507
6,15,3.21186371930517e-16,1716993.81966608
7,15,3.95560773781146e-21,20684925904.7346
8,15,1.39638249781153e-18,15437692359.4292
9,15,5.58689162725704e-21,21504725435.259
10,15,2.60357500892869e-17,2238.56063089787
11,15,7.89832551931727e-20,1195851906435367
12,15,4.46623725541159e-24,826134828651.386
13,15,1.50049484506321e-17,71559223.4135142
14,15,1.21579925741255e-18,99495189873744256
15,15,1.45184497994538e-20,1476045350.85858
16,15,1.17146075007089e-24,9139604665102.02
17,15,1.00339277209698e-20,2989338987938056
18,15,4.32091276929135e-19,101289735.916155
19,15,8.98612468980056e-17,79.5899275645858
20,15,2.79726241309142e-16,514202640237.996
21,15,4.92201186449765e-17,19.3112631272572
22,15,6.63329492635977e-23,28566815.4647039
23,15,3.44521958847679e-20,7108261599.68297
24,15,3.87882571884628e-17,1960627472164.58
25,15,3.57798807993683e-20,35402.8838881492
26,15,1.03242773913394e-17,155568319825983
27,15,2.78338579816378e-17,204168.204895535
28,15,2.94835950769447e-14,378631253.869287
29,15,2.2963452245023e-16,3079.13053950876
30,15,2.56145831933376e-18,60.1577419002058
31,15,3.86234429332498e-20,11931130.4131765
32,15,1.6255914463618e-16,4258424.66665831
33,15,4.29448317815326e-15,43.3155712029468
34,15,2.19083003571239e-18,86667.2723556878
35,15,6.84915210842204e-17,54023886839.9347
36,15,2.88784743795466e-21,14916.478800777
37,15,1.58394237672482e-15,504881823.709243
38,15,6.94531052217497e-19,44393.3495631347
39,15,2.27169265472435e-20,55.400910087057
40,15,3.78849502868905e-19,5472362.35218275
41,15,8.87827935230258e-17,22339507015.1005
42,15,4.64677709410337e-17,86288.8225531539
43,15,6.11467071172793e-19,234582346.94176
44,15,1.52863065325319e-25,34435478.1886361
45,15,1.78401345773337e-16,1207933.20539595
46,15,9.43544975055653e-14,356.908649250054
47,15,8.17441775104507e-17,3032702091900.03
48,15,1.04263746799284e-20,891.162941918307
49,15,5.21061768382963e-15,92024812140005
50,15,4.13215478014313e-20,502133.521668093
51,15,5.80557493533557e-16,3366714.77984427
52,15,1.60314055105469e-15,16371.0088750173
53,15,3.14731522603351e-19,6453579716.65603
54,15,1.59796802434158e-16,1761532222.39763
55,15,2.08398963245885e-18,41299652078942.9
56,15,2.09317392511733e-15,1444058.93131218
57,15,5.02659970808518e-20,6311883990413.94
58,15,4.38599380796334e-22,1672695605134.88
59,15,5.58241308306969e-18,1165398232277866
60,15,1.77204532276915e-16,385142.783353511
61,15,5.19771546252845e-21,512799762639.086
62,15,1.19180289435228e-17,179108259.35074
63,15,7.89745565712985e-22,353673848242941
64,15,6.73771299219486e-18,4547762.57659967
65,15,5.60016904585224e-24,4696462531194.12
66,15,1.54333035171412e-17,899158247502.144
67,15,7.63218405890436e-16,30248.3077592868
68,15,1.06658955908666e-15,79539655737.561
69,15,1.14175113000451e-18,7890941425.24173
70,15,1.11781421573227e-19,30103.917512406
71,15,7.64940046983037e-15,84.8946379361479
72,15,1.2421854308489e-18,194.682694449829
73,15,5.23294532187363e-22,518510916304.573
74,15,1.50694875464718e-24,3066102291235182
75,15,1.74518613727475e-13,2542.55120752441
76,15,1.12882571272503e-22,10201300838.7362
77,15,1.36358032889871e-19,530504588126.964
78,15,1.62703551868695e-16,8150668.56982457
79,15,1.84825569346447e-18,840746470.793754
80,15,1.12352531093737e-23,9921847685737.12
81,15,5.38936561143317e-19,357874430912.34
82,15,7.73048792747496e-17,21167016.5375035
83,15,2.87739957173135e-14,71285342.932855
84,15,2.41327986269164e-20,140280180886.262
85,15,1.04232811641839e-17,2023599130937.76
86,15,2.39326802058841e-16,461091295.743483
87,15,2.09113031107818e-16,117422089668.574
88,15,1.67980210436077e-20,540142428504.521
89,15,3.13197428310418e-21,154816746214.611
90,15,6.9832682032105e-16,63228741.5642028
91,15,7.77724043713887e-18,0.010687613923007
92,15,3.10330911034838e-13,750217.068187061
93,15,9.87643009200658e-15,518643.806346006
94,15,4.71053646944945e-19,8094.89281909093
95,15,7.54227568456485e-23,3953727764550140
96,15,8.4897074175228e-22,2233703.98542365
97,15,1.97530460686026e-19,10035613233.031
98,15,4.24566107083842e-15,77445.8223335118
99,15,2.65798621222577e-19,5653227232655095808
100,15,5.47686775683401e-19,1910162.4198063
1,16,2.91367503451683e-13,3840223872.75519
2,16,1.75299155785494e-18,4.09456419652056
3,16,6.36615835697145e-18,574.059016227365
4,16,6.1654334965721e-16,1.10829509060184
5,16,1.87074934752859e-16,5512.34794320002
6,16,1.36324018680896e-14,41958.0321981626
7,16,8.93549685214694e-18,17.4886162741746
8,16,2.09942488478435e-16,0.509306297616323
9,16,1.09581568164984e-16,15.4471171338999
10,16,1.27135971623078e-18,5.0722345033215
11,16,4.90228218520439e-18,213013.260587766
12,16,9.19581330659618e-14,306.103383836895
13,16,3.2327603234546e-19,0.00102529504401018
14,16,1.44588384049831e-19,0.399169377017066
15,16,2.07073064243891e-22,0.0756126009277636
16,16,8.57491901707842e-19,1220.87917211109
17,16,1.39036824010582e-21,84.6203490359887
18,16,2.68667609869504e-14,678212.602341906
19,16,9.45379488057532e-18,0.00843587126152581
20,16,1.58110117198989e-16,244.052686102417
21,16,1.39927855121411e-17,7.78911076417955
22,16,2.34619031314416e-17,0.64011812046736
23,16,6.53975761105619e-16,432.231240987569
24,16,8.70476997587648e-19,997713.051877118
25,16,1.34069579890655e-21,1.50835989485465
26,16,1.06554539282716e-18,0.000284822715941041
27,16,2.43963552717833e-17,108305.558580383
28,16,2.05896501839329e-21,2334.93788661621
29,16,3.58038071346873e-21,116.698788574969
30,16,4.74187710035517e-19,0.783046172819341
31,16,1.04763151516606e-12,12.893553292622
32,16,4.54239057429617e-14,91.9643899009428
33,16,8.45963341577715e-17,0.00905100735591059
34,16,6.68742693492711e-22,0.231667596371719
35,16,1.43677579872373e-19,0.0015866282034781
36,16,6.04756218711283e-23,0.00395277195101748
37,16,1.63471439733393e-16,4086771.89972254
38,16,7.49358472321062e-15,45564067.557313
39,16,2.40726678694621e-15,26.3970017889737
40,16,9.32269349055835e-18,0.0308189522769102
41,16,1.39729177864784e-16,109.334371972033
42,16,3.14166923262699e-19,1422.83213144625
43,16,3.07571502160923e-15,46.8488585017134
44,16,6.34358000184632e-19,29.4297634717643
45,16,2.49947015763654e-15,366.131403740508
46,16,2.30507308021443e-14,2.16116763915294
47,16,1.50320720400414e-20,0.199617028003421
48,16,1.15362882687321e-19,0.25906577344153
49,16,3.71242058978081e-19,0.00926777889168487
50,16,5.49498494870652e-22,0.190915802115896
51,16,2.61224072265585e-18,0.607701023215177
52,16,2.76235188379553e-19,1.38718531928416e-05
53,16,5.12828460139102e-17,9.62297800544516
54,16,9.26426713713687e-19,9.68538698703195
55,16,2.22279478018564e-16,5.28631152190021
56,16,3.70436528012681e-16,203048.244863229
57,16,9.52178153230021e-18,67.1201240431453
58,16,8.38245278931389e-17,0.176602917316903
59,16,1.85711225909881e-17,0.0683800869990588
60,16,2.01985127559095e-17,0.349374866648584
61,16,6.18584439632906e-18,5.86167374062674
62,16,5.49423587772098e-17,636.501936988587
63,16,1.56558723660552e-19,359111.714892092
64,16,4.06194088564604e-22,4.42251354097828
65,16,1.77557839047434e-21,0.874632312426917
66,16,2.39118313755662e-14,273.86143750386
67,16,2.68298063925781e-18,0.162665530280338
68,16,3.75803094940352e-19,15.5777505512411
69,16,5.24953912750811e-18,0.0517512564795903
70,16,5.3712477487841e-21,2.58994841524809
71,16,3.95260916660052e-18,26272.4842720839
72,16,5.50636458966727e-18,27.039206467004
73,16,1.90964273167389e-18,0.0578973889367951
74,16,2.31717481457469e-18,0.0270247630819924
75,16,8.03707378358941e-19,353.521017569882
76,16,1.46424735782401e-16,8108.93607326963
77,16,6.7121458483466e-11,3223.37797647142
78,16,4.54950787421994e-18,69918670.7126933
79,16,3.06436793675096e-17,26.3425553235116
80,16,1.41410296239491e-16,0.000695755954120743
81,16,1.65680808099206e-13,2017290.40862959
82,16,1.76504648085815e-20,21.6429833708082
83,16,1.94037057475979e-20,1.56220498297323
84,16,1.70602289057621e-19,0.0126755371934256
85,16,4.75913792259493e-18,75.8566465318619
86,16,2.51605411612346e-12,2503.4835668684
87,16,2.5544334899799e-19,6102.68617228461
88,16,5.05591579767235e-18,2.51398166484578
89,16,2.12043127696885e-22,0.207415074779102
90,16,7.02277064277975e-16,0.015583595602522
91,16,1.40176279418642e-18,2.1172099410738
92,16,3.11989902371096e-15,78.2361812745913
93,16,8.08635596597402e-19,0.0760450943519782
94,16,6.3190994984024e-16,99.1732168445035
95,16,4.60206620509665e-15,14.339601218706
96,16,9.74828268203265e-18,0.542612829254635
97,16,1.01061284967958e-19,0.00846527146459531
98,16,1.67769195235619e-13,4514.94371052803
99,16,4.1276602509449e-23,0.331812385383464
100,16,8.46986597641582e-17,19.9019062032224
1,17,7.21690374460009e-20,1478866184873.01
2,17,1.99227288296765e-15,3227697054.88402
3,17,1.30436329273087e-19,101338679.551725
4,17,1.89393533676357e-15,2194782202.22497
5,17,7.34604723195904e-16,2358528.65312078
6,17,7.35580378078589e-19,403075.007414513
7,17,4.88765391634229e-21,4526.70720154095
8,17,4.73799304134273e-20,126336387.272506
9,17,3.49589262665328e-16,1864365.42153352
10,17,2.50945469629859e-19,80992693.4294764
11,17,4.28256080819296e-18,161713436427.498
12,17,1.19404923321112e-15,114187.604806165
13,17,1.54317245620874e-18,1.32520159816213
14,17,1.26299897599134e-20,10492671781.845
15,17,7.12844119768405e-15,511259602.018661
16,17,4.18738635678449e-17,21327.3732342503
17,17,7.55178703345009e-16,8.35001628090684
18,17,1.70869437459177e-20,1015365348669.33
19,17,2.56212371804084e-19,3568.65206893525
20,17,3.7944558263514e-21,3539545280.61357
21,17,1.81662272668509e-19,156778730.915526
22,17,1.75747133946527e-15,29021150002.3745
23,17,6.72165037316524e-16,660227.11552273
24,17,9.69699798263364e-19,7978086.27927135
25,17,2.12650672804275e-16,331.506117126391
26,17,2.0053200334468e-21,266772626069825
27,17,9.58238420019968e-19,536228718.0108
28,17,7.18312920974382e-17,101876160.817324
29,17,8.74739595300523e-24,53390153.0729495
30,17,2.28344725083862e-17,5295.04490010781
31,17,2.1927177112117e-22,565403853234.916
32,17,3.31058736406168e-17,1221018878.0969
33,17,5.63646119760894e-15,78229252.6579499
34,17,1.24785767699916e-15,42627638755.1952
35,17,4.16610229899321e-15,68486139548.0104
36,17,3.28957958480161e-14,39990.2092207427
37,17,2.21277464920546e-18,236825792845.185
38,17,8.94729664567552e-16,17602536.1970207
39,17,9.84560570900094e-22,11935526272002.9
40,17,1.0875003894754e-21,3370663549.09198
41,17,1.01858456715749e-16,1.56549723797782
42,17,1.62321487425043e-19,20.9711479899468
43,17,1.57532685786463e-21,148065.849862549
44,17,3.83545703300336e-13,2379.73531154532
45,17,1.93766912695064e-17,175973819.711593
46,17,7.31651687133306e-19,6650672.82968373
47,17,6.17921112104143e-18,9582296.59726846
48,17,7.87237498906098e-14,18955129.1305478
49,17,3.44935754816476e-16,0.656452000407761
50,17,2.34728921434326e-18,95005738154.7404
51,17,1.39906868662909e-19,8.97461248472769
52,17,6.62368139935454e-15,180426.97204901
53,17,7.02754760470265e-22,8627903.34159189
54,17,2.80296500860205e-16,4.83449788696408
55,17,3.55261906667941e-20,1402512.06637609
56,17,1.45751811061431e-24,14745477164.5949
57,17,2.76028043996078e-14,9115271.60106049
58,17,3.64325528992509e-17,69095890.8710535
59,17,5.38430319559854e-21,26691.2149735147
60,17,3.11912135416963e-13,513931040.877833
61,17,2.93383554170816e-16,18356812.9409945
62,17,2.22862817466395e-22,46877378968391752
63,17,9.32701358735203e-19,283868.418624131
64,17,2.69541574535349e-14,31788540887.3666
65,17,1.06728602035458e-18,164699334438.902
66,17,1.18025175868655e-17,8658705038.6473
67,17,2.67215740567517e-14,14712055.6675524
68,17,6.58258080324583e-17,254610.763609955
69,17,2.21708458124686e-20,4675939585292.02
70,17,9.74820756011817e-20,238817.807624826
71,17,7.44832960465594e-19,239881547.002218
72,17,1.1097771227223e-17,8169451135.52508
73,17,2.36857466917032e-18,2031192910.81363
74,17,5.32460225077959e-16,10185728245.0169
75,17,3.76210207284619e-16,776.612579157697
76,17,9.90847551992059e-19,1029144258135945
77,17,7.22865955740894e-15,128507083658.735
78,17,5.67712180627565e-14,25860.7233551825
79,17,1.66676568938138e-21,732980.691911019
80,17,2.01330216964439e-17,3541847.95539417
81,17,3.76507952741023e-19,3473702811017692
82,17,1.02521215970668e-19,23364552.1220197
83,17,7.27062141834119e-16,51985383170.3757
84,17,2.70461984007912e-23,26382988.2933721
85,17,5.42840229179783e-19,3297074.97478209
86,17,8.24491368611666e-20,361768026.63776
87,17,3.3414782938049e-18,1238669705800.48
88,17,7.3999153192749e-14,312876417740.271
89,17,1.30318704791855e-18,2177793600500.56
90,17,5.81184997413174e-18,75.8827890770282
91,17,3.28412869137468e-22,52074916.0615051
92,17,1.05841673637362e-18,27191.4751643353
93,17,6.44090223563916e-18,1.55197275598267
94,17,1.64226178110276e-18,8.28118934378832
95,17,2.40988294601134e-20,14649648.7155037
96,17,7.17828999539116e-21,30613172.5692164
97,17,5.84799755818608e-20,444936.024539254
98,17,2.27364994126234e-22,419753928.951053
99,17,1.33390341461683e-17,736380.302170091
100,17,3.13903060543359e-17,60237.4087150202
1,18,1.15356186209058e-23,321978.77804631
2,18,3.85380297247662e-16,230.713503770523
3,18,1.17396473977425e-20,456.981757877562
4,18,9.12073363917373e-21,31513.1368452579
5,18,8.16901050333883e-19,680.979657085419
6,18,2.27386861338035e-20,19.0573342875637
7,18,1.56558187298333e-11,2331702.80734084
8,18,9.52069175179753e-15,1576150.00289077
9,18,1.28037344971768e-20,5241950.91465469
10,18,7.90907785377402e-19,840570632.648088
11,18,3.67821600597658e-13,130729.692711054
12,18,4.00159657534779e-15,168.501559398611
13,18,2.79964762589798e-16,68673466.0222351
14,18,2.4941613659116e-15,11070.3935755516
15,18,2.23922698031751e-14,8763999.90254376
16,18,7.47043040866574e-18,2789.38488127322
17,18,1.39876791273194e-16,799.192236782618
18,18,7.45447928004851e-18,661.785296783224
19,18,8.6858476655937e-19,7545375222817.52
20,18,1.23223509644007e-19,63741111.7720612
21,18,5.43083326612982e-16,1521762.31669681
22,18,1.04473528711732e-17,1766.62695049258
23,18,3.75402985143717e-21,56635.9984047072
24,18,9.00509192730404e-13,17886.6858146203
25,18,1.47590423067549e-18,345847.200787325
26,18,7.23383217818866e-15,32703321.6558732
27,18,2.87882943037795e-19,17.9713932040135
28,18,6.71256387378201e-22,43513.1533576624
29,18,9.86922885967971e-16,630.560753621884
30,18,1.92406455145374e-22,4634262.79781541
31,18,5.22919683037804e-21,94.820288224138
32,18,5.07333312252301e-19,1538.74905673998
33,18,5.96425357815571e-18,331.22941717991
34,18,4.48024806400081e-19,12834.283603275
35,18,2.47257394969576e-20,10.8392765746274
36,18,3.52994460013617e-18,959.555049269321
37,18,5.66567379889045e-16,992649.367277318
38,18,4.22112199516694e-17,38.0450021038903
39,18,1.13471982940425e-18,57279687.1643267
40,18,2.25961532004355e-20,31193.9404881565
41,18,7.5302662324878e-16,71247.5473009596
42,18,2.53948125999627e-19,4990430238.41478
43,18,5.17023024150874e-23,1500.30433130312
44,18,7.85119355161186e-24,6231275.67104073
45,18,8.92996397053312e-12,6947059.16470655
46,18,2.33296348549716e-15,3952881808.28319
47,18,2.40182451674707e-18,4415080.06214078
48,18,3.16512619184737e-12,6864335.75024017
49,18,1.24116657493067e-17,74.3858842144689
50,18,1.08775058291062e-17,819559.499894696
51,18,3.48764010446061e-22,1574.34649528389
52,18,1.79252044071099e-16,5780.33381660239
53,18,1.28973375043498e-15,99930.9413738996
54,18,5.26792471250648e-18,1777.96947344369
55,18,1.63459094954836e-15,26366.3404727348
56,18,4.29919386742624e-21,1318.33618587443
57,18,2.39843916900319e-20,280673.048069365
58,18,1.17108392846208e-13,734313880.794329
59,18,4.17009134222656e-20,3.04716156960343
60,18,2.70256535325173e-17,6196.89086360756
61,18,5.38812086161919e-20,38923.2961320794
62,18,1.21809513541743e-12,136033543.192453
63,18,9.85047396854281e-18,6851.23328316931
64,18,1.09959726671745e-16,89200.0955321769
65,18,9.04488554993091e-19,563.24073276544
66,18,3.10982120930026e-18,3650504.14139345
67,18,3.38134991520297e-23,49229158.2922182
68,18,3.77848034553785e-15,1440737659.10484
69,18,5.67078201382355e-17,1693.04869552008
70,18,1.70700241723355e-20,1472683.81475376
71,18,1.12114090224807e-21,2709517.57956223
72,18,2.45884014933472e-18,52524610.0441522
73,18,1.25662861875144e-18,239956.471964182
74,18,2.33132396333798e-13,1087.05107261882
75,18,1.28750995518016e-15,219.133910970185
76,18,1.47591176000425e-13,1879987.02666572
77,18,1.37858110322515e-16,56587.3957931215
78,18,5.81996995200036e-15,9.3996490465077
79,18,7.00841043489568e-23,1.34044258822152
80,18,8.95630391213364e-18,15982.6256603425
81,18,2.21648188961756e-22,59972.3177650854
82,18,1.38564612218292e-19,1358212.15884372
83,18,2.13665310605485e-18,285.77786635864
84,18,5.5277544273961e-14,27653.8020967651
85,18,4.27259855294789e-16,20571.2348558972
86,18,3.78787208798772e-22,30590.0907836625
87,18,2.92264922661009e-19,769.673532311705
88,18,6.03254600786216e-18,175361.874221781
89,18,3.00864752646063e-15,1476408.9081396
90,18,6.5197107146025e-19,1069234.3701252
91,18,8.84587841952488e-19,843749.838612613
92,18,3.15521862884587e-17,536398.505662319
93,18,1.35321350737071e-22,294.219564019271
94,18,8.3709347474782e-14,5049.25958119519
95,18,2.12992096410261e-14,1420633.02670085
96,18,2.18248378586394e-19,9219.25215154642
97,18,1.06679786813692e-20,1424.80998338011
98,18,4.35395167605045e-16,58683072.6528827
99,18,1.3333065078549e-22,7889.24866208837
100,18,1.59297643778327e-19,159827.405680377
1,19,2.7852040437251e-21,1.2810073938335e-05
2,19,6.48764462752189e-20,0.930427211289721
3,19,1.58894198352251e-20,6.68666595515008e-05
4,19,7.95584648376382e-17,2.74542512100745e-07
5,19,6.36566199933648e-12,0.00164150880163145
6,19,2.786779375259e-23,0.0107123382864161
7,19,1.64551033733384e-17,2.16502851274302e-07
8,19,7.77764241937528e-19,1.90414761850209e-05
9,19,2.61928028037542e-16,0.00469243572226382
10,19,3.02343908473389e-19,0.00151374575036009
11,19,6.43152968950485e-21,2.45535853043726e-09
12,19,9.02205761200016e-17,0.000169822850130059
13,19,4.93471933647108e-19,1.15633237143272e-05
14,19,8.10938708381241e-16,0.00014942605479382
15,19,4.76317830034836e-20,8.48981362519029e-05
16,19,4.98224889568097e-20,0.155664867286318
17,19,5.14391511156235e-21,0.0790647717916598
18,19,3.63027855681468e-23,1.04574498873508e-07
19,19,3.1990602991717e-20,0.000474818793720947
20,19,2.84420135134283e-23,2.91903266850987e-09
21,19,9.75311675486529e-18,0.00550225996308414
22,19,4.72363865945762e-20,1.06563574659913e-08
23,19,3.66286382141702e-19,8.96889754031148e-05
24,19,1.21779930628981e-18,416.462697431535
25,19,3.17859328371608e-20,918.486643206912
26,19,2.32364980455806e-19,0.000928263192901438
27,19,1.51302515384333e-21,4.29680835041527e-05
28,19,9.99655727566184e-22,0.000771527073370465
29,19,6.04453873431116e-16,0.0230933611563091
30,19,9.20973665630351e-19,1.79976150218242e-06
31,19,2.99291829111808e-16,0.000186157911934351
32,19,3.9514258469644e-18,0.406898413708897
33,19,2.17516038931191e-16,2.05569582748128e-08
34,19,1.67445773979219e-16,0.000475902727265326
35,19,1.08258697752203e-20,0.0350971230218028
36,19,1.39664781574123e-21,1.07027678092534e-08
37,19,5.60916902900947e-22,1.45744629516683e-06
38,19,5.23390006125592e-27,1.41345903107907e-09
39,19,3.0264293397381e-21,1.99242571510831e-07
40,19,8.28079543288199e-16,2.43887363130322e-06
41,19,4.79707694394294e-21,5165.42234843143
42,19,1.91459547594615e-18,191028.835785442
43,19,2.53818049904643e-14,3024.38290719357
44,19,1.04461617302275e-19,471304.491818411
45,19,7.59628914298173e-17,1.02057740890245e-05
46,19,9.53475898196747e-16,8.72686143329304e-07
47,19,3.40419247911686e-16,0.00182051056799366
48,19,1.38737852448875e-26,1.43328077498904e-06
49,19,1.87624876673344e-15,117.876500652437
50,19,4.22520275689578e-23,1.47959231570792e-06
51,19,1.82130464745909e-20,1.63777833483989e-09
52,19,1.4244058684318e-23,5.72796769428239e-07
53,19,1.19604037367567e-16,53.2178362367286
54,19,1.19056502574849e-24,0.0336930013868895
55,19,2.50444970259221e-22,0.00455108479100467
56,19,1.69733205218305e-21,0.00294861340582778
57,19,3.94275077972817e-18,0.00205425976833108
58,19,3.46327159301821e-22,0.0145615402777695
59,19,2.67122907225847e-19,3.97654203160828e-09
60,19,1.18736429814127e-19,6.61002642206637e-09
61,19,2.26309088788622e-13,0.258443243834901
62,19,1.84362946271022e-20,1.68071138485478e-08
63,19,1.93253871071806e-23,0.000151422765540877
64,19,8.5541454945579e-18,0.272077829301795
65,19,1.58966383334759e-19,0.0111440566776624
66,19,8.52731045127622e-19,2.43514895650209e-08
67,19,3.61770114839414e-18,0.496576390534364
68,19,5.56799837022337e-18,3.00307279198161e-05
69,19,1.45146824821251e-20,1395.83622567802
70,19,1.67852416249507e-21,9.22379290582137e-05
71,19,5.05112359318422e-17,5.91119344709605e-05
72,19,3.28287326596602e-19,1.65579441649412e-09
73,19,1.90754410756338e-19,6.3450326853349e-09
74,19,6.83615194665495e-19,486.786792466945
75,19,6.08011399217096e-22,0.0812168009122922
76,19,2.0178678835567e-20,1.05189583668899e-07
77,19,2.64613546534482e-19,0.358415564358713
78,19,7.13135057827475e-17,4.09345853283238e-05
79,19,3.16043184329644e-20,3.36644992183823e-07
80,19,2.21693818655305e-17,0.0432857582090501
81,19,2.44082442729084e-16,0.0338436771510172
82,19,4.49299652296632e-20,3704.20026163848
83,19,2.36043012988983e-18,1.20036372781029e-06
84,19,8.64654455730888e-15,7.59727276773007e-05
85,19,4.70148251717136e-24,52.2677537988051
86,19,5.98573214779382e-15,4.22857865558654e-07
87,19,1.20991290344124e-17,2.02287830791329
88,19,4.11346621327945e-19,5.15210802108238e-05
89,19,6.65250595423442e-15,2.8629368239836e-05
90,19,4.03526215768245e-19,0.0582988298493297
91,19,4.82317096183784e-15,209.274202983171
92,19,1.58147251378104e-22,0.00255799237992878
93,19,2.46158007941619e-19,9.67740558239304e-06
94,19,8.40851747094721e-24,164240.440959723
95,19,8.91641571789862e-23,3.04848586005578e-10
96,19,1.92137266221194e-13,0.0975047689049334
97,19,1.55558235390991e-24,0.0355908002602694
98,19,2.341857450885e-22,1.60344707794225e-06
99,19,1.99889590348142e-20,2.64644434123461e-05
100,19,3.11664649806893e-16,1.74025416400646e-07
1,20,6.29619018623297e-20,0.00681214569322932
2,20,9.39636595448113e-18,0.000308690166161187
3,20,9.65395690181441e-19,4035401.02327242
4,20,2.47469452740153e-21,0.0166943313618852
5,20,1.59114091437705e-22,0.00290595418356943
6,20,1.65236944019468e-19,476014.595198457
7,20,5.67004610623184e-13,3.23993542988052
8,20,3.72056674275374e-14,0.124563797243886
9,20,9.05570978997906e-19,135.269677293047
10,20,3.31215479385073e-16,10.6727563649841
11,20,5.89547041109916e-15,0.558121862362196
12,20,1.76849708217416e-18,28026537.098463
13,20,2.97740809506446e-15,7629097467.06281
14,20,1.26510580199291e-18,0.217757585309319
15,20,1.22758443786679e-19,243912.010935362
16,20,2.89791162700879e-16,0.000741819886977936
17,20,4.26117790380672e-21,1.56870581718733e-06
18,20,1.9669672438562e-19,18850.0816520162
19,20,9.77398531737611e-19,7.14650536270141
20,20,2.99101299459348e-21,1.43482216050484
21,20,1.34603513957447e-17,49.2931305684921
22,20,4.77306433511933e-21,0.0114746994850315
23,20,5.80469350810068e-18,55084.8818969705
24,20,3.088971584639e-14,130.662175489027
25,20,1.78050129445034e-17,373948.393902593
26,20,1.9421809140498e-20,0.0262257824918305
27,20,2.81648678604918e-18,0.139450521755585
28,20,1.1220157509781e-17,5718.12442267315
29,20,2.46243907390475e-20,0.006163189602158
30,20,2.90576338832954e-21,0.65027903973223
31,20,7.07991898667883e-18,0.000313770734517804
32,20,2.01904585217814e-16,4.71398505551748e-05
33,20,7.28552120135874e-16,20.5104827969256
34,20,3.76798987039024e-14,1319224.64258896
35,20,2.13820289165521e-18,3.65402683263505
36,20,6.44322465261756e-20,48.6294276475234
37,20,3.12252775648691e-16,32.1533903485088
38,20,2.09331577958764e-18,222.98103356893
39,20,8.71693485097214e-19,0.0274968883822862
40,20,1.72186808880965e-20,0.00113836117041901
41,20,9.51944169856466e-18,2.39979106180683
42,20,1.45885984391678e-13,285693891.169723
43,20,5.28948146625214e-19,23.204605451949
44,20,4.2371671819835e-15,7128.19634971672
45,20,7.47798395949817e-14,8701.12390964696
46,20,3.94263846894069e-14,94971.435918315
47,20,1.74248438310025e-22,10.9690386083132
48,20,1.41634066229641e-17,9216.17245597418
49,20,2.57897196541083e-21,1732797.12079288
50,20,8.13521593653998e-12,51.5338960371809
51,20,1.11501810938747e-12,0.000266751654599179
52,20,2.47687415248536e-17,0.67101977635252
53,20,2.07020870067853e-21,0.00481799597454947
54,20,1.06939275886456e-14,2602690.43160274
55,20,1.21757794338113e-17,0.252294357695458
56,20,1.98151550338056e-20,72074.4936762358
57,20,3.26181090542098e-19,1001.27571751602
58,20,5.03202620089984e-16,0.0164121899270709
59,20,4.9262779067112e-13,24.5618330302276
60,20,1.59293130798422e-16,0.00884808789445854
61,20,7.5525739691309e-15,163562.311941975
62,20,1.92480761080475e-19,12598453170.5234
63,20,3.97589402695003e-21,0.121620694916438
64,20,7.55190808983872e-15,0.263464448839411
65,20,7.03545892257792e-23,1.31964520113156
66,20,2.74000539472103e-14,3815.52714001601
67,20,3.09901101092491e-18,28.3332545736921
68,20,9.82085702122326e-18,2710.19287468679
69,20,6.10228636687977e-16,8453.30382946703
70,20,3.87916376884504e-17,8041.18519173323
71,20,9.94522341714097e-17,0.00314371423890818
72,20,2.4324686874276e-21,0.0514419394449047
73,20,4.1481302993357e-13,0.278106224647593
74,20,1.58506182845299e-21,11457.18096027
75,20,4.62291364396961e-17,1.56545225877232e-05
76,20,1.90654944022103e-18,2373828.12704994
77,20,2.85654509278182e-21,0.83710358296337
78,20,2.76084300953019e-16,0.253560199870994
79,20,8.88082854192479e-13,4.62877181788362
80,20,1.09171551641035e-16,1500.35652559342
81,20,5.16925936376152e-22,0.0914243398028717
82,20,2.36340751577563e-16,0.00508597074602855
83,20,5.22492923247674e-16,0.0262338640601245
84,20,1.12957890394432e-19,2.31035352291923
85,20,3.84438996307682e-12,0.147860324491818
86,20,4.14867421753046e-18,1390.6357171041
87,20,5.64184928648085e-17,30.5906268332684
88,20,4.36768216871809e-21,0.0183867247603294
89,20,1.74739981021735e-18,12.4146932785656
90,20,2.25440289580987e-18,4194.17751263376
91,20,9.9971582142172e-22,0.0195206411355775
92,20,3.93120493671183e-19,12038.20537677
93,20,1.10063226363078e-19,0.000784689170463674
94,20,3.12550456348748e-17,0.108559587594533
95,20,2.10102755837833e-18,636695.144688772
96,20,6.10007995318803e-14,4938699067200.01
97,20,3.30716259034927e-15,0.000644702971065323
98,20,8.51035769352335e-23,1532.22077116981
99,20,1.61524564235824e-18,0.000315713233224692
100,20,7.88972987106478e-22,107929137.640935
