"Run","Rep","Xseed","Yseed","Z_additive","Z_multiplicative","prior","projected","AddRE","MulREdim","Variable","TrueValue","Estimate","Variance","Confidence","CI_low","CI_high"
9,101,9e+07,90000101,FALSE,FALSE,"IG",TRUE,TRUE,0,"intercept",-1,-1.06273455629221,0.0072519515471812,0.9,-1.20052355042029,-0.918353700291865
9,101,9e+07,90000101,FALSE,FALSE,"IG",TRUE,TRUE,0,"X1_groups",1,0.970498041331803,0.0027324039357418,0.9,0.889242211096137,1.05687035109438
9,101,9e+07,90000101,FALSE,FALSE,"IG",TRUE,TRUE,0,"X2_dist",1,1.07383852304252,0.00526409896001187,0.9,0.957882593288692,1.19306373396979
9,101,9e+07,90000101,FALSE,FALSE,"IG",TRUE,TRUE,0,"X3_norm",1,1.00842844116254,0.003694856678264,0.9,0.901424306448956,1.10770744456035
9,101,9e+07,90000101,FALSE,FALSE,"IG",TRUE,TRUE,0,"X4_row",1,1.17296722483386,0.00472511724884038,0.9,1.06378051947144,1.28529771986635
9,101,9e+07,90000101,TRUE,FALSE,"IG",TRUE,TRUE,0,"intercept",-1,-0.910801810233887,0.00885646558777331,0.9,-1.06993991251421,-0.759670844512351
9,101,9e+07,90000101,TRUE,FALSE,"IG",TRUE,TRUE,0,"X1_groups",1,0.855899433467373,0.00369241307656555,0.9,0.761785872402353,0.953152823416998
9,101,9e+07,90000101,TRUE,FALSE,"IG",TRUE,TRUE,0,"X2_dist",1,0.920303000289152,0.00608910630988632,0.9,0.799759255944042,1.04747527499857
9,101,9e+07,90000101,TRUE,FALSE,"IG",TRUE,TRUE,0,"X3_norm",1,1.0395075387737,0.00442913343396956,0.9,0.933859967515202,1.15107187977843
9,101,9e+07,90000101,TRUE,FALSE,"IG",TRUE,TRUE,0,"X4_row",1,1.23322451034996,0.00605552616399426,0.9,1.10399596549478,1.35850452651593
9,102,9e+07,90000102,FALSE,FALSE,"IG",TRUE,TRUE,0,"intercept",-1,-1.06693952303619,0.00706375312095736,0.9,-1.20513520622919,-0.928675958313233
9,102,9e+07,90000102,FALSE,FALSE,"IG",TRUE,TRUE,0,"X1_groups",1,1.03532987007249,0.00318472474940295,0.9,0.945106347110674,1.12325901482437
9,102,9e+07,90000102,FALSE,FALSE,"IG",TRUE,TRUE,0,"X2_dist",1,1.04929796814602,0.00507964668137498,0.9,0.932341051075935,1.16862663692599
9,102,9e+07,90000102,FALSE,FALSE,"IG",TRUE,TRUE,0,"X3_norm",1,0.994872622123303,0.00385753177614666,0.9,0.897426481976443,1.10467299733323
9,102,9e+07,90000102,FALSE,FALSE,"IG",TRUE,TRUE,0,"X4_row",1,1.05834199485575,0.0042559776400675,0.9,0.957926713171067,1.17844190286603
9,102,9e+07,90000102,TRUE,FALSE,"IG",TRUE,TRUE,0,"intercept",-1,-0.878518893301289,0.00951312210306246,0.9,-1.03929927946912,-0.721362961788036
9,102,9e+07,90000102,TRUE,FALSE,"IG",TRUE,TRUE,0,"X1_groups",1,1.08263586055189,0.0050723872863121,0.9,0.975100502694711,1.2048443578968
9,102,9e+07,90000102,TRUE,FALSE,"IG",TRUE,TRUE,0,"X2_dist",1,0.941907478017456,0.00682599732501083,0.9,0.813853737793631,1.08479456440304
9,102,9e+07,90000102,TRUE,FALSE,"IG",TRUE,TRUE,0,"X3_norm",1,1.02061859032519,0.00447182346890947,0.9,0.912183476519454,1.12494671701376
9,102,9e+07,90000102,TRUE,FALSE,"IG",TRUE,TRUE,0,"X4_row",1,1.15504851710228,0.00580418822366724,0.9,1.0355958734877,1.27305859993459
9,103,9e+07,90000103,FALSE,FALSE,"IG",TRUE,TRUE,0,"intercept",-1,-1.01950212569825,0.00651410986931743,0.9,-1.15795258076962,-0.896157131369401
9,103,9e+07,90000103,FALSE,FALSE,"IG",TRUE,TRUE,0,"X1_groups",1,0.965639414585991,0.00288695564977886,0.9,0.880068484937511,1.05744142349282
9,103,9e+07,90000103,FALSE,FALSE,"IG",TRUE,TRUE,0,"X2_dist",1,0.99230266098044,0.00464173633592704,0.9,0.885640974956139,1.10574401737115
9,103,9e+07,90000103,FALSE,FALSE,"IG",TRUE,TRUE,0,"X3_norm",1,1.10952810643869,0.00373906029449666,0.9,1.01612643388647,1.21157526753763
9,103,9e+07,90000103,FALSE,FALSE,"IG",TRUE,TRUE,0,"X4_row",1,1.02274780936625,0.00376311366669759,0.9,0.93185268749307,1.13322724049595
9,103,9e+07,90000103,TRUE,FALSE,"IG",TRUE,TRUE,0,"intercept",-1,-0.901168227299236,0.00938774902047551,0.9,-1.04387254131285,-0.742808913081146
9,103,9e+07,90000103,TRUE,FALSE,"IG",TRUE,TRUE,0,"X1_groups",1,0.947489081698866,0.00427713922189346,0.9,0.841532900263125,1.05348119234269
9,103,9e+07,90000103,TRUE,FALSE,"IG",TRUE,TRUE,0,"X2_dist",1,0.978602254336685,0.00683415521622689,0.9,0.849288721203912,1.116811956151
9,103,9e+07,90000103,TRUE,FALSE,"IG",TRUE,TRUE,0,"X3_norm",1,1.11160664644628,0.00490942616071572,0.9,1.00076815570664,1.21785505042108
9,103,9e+07,90000103,TRUE,FALSE,"IG",TRUE,TRUE,0,"X4_row",1,1.1114460086209,0.00547545992234048,0.9,0.996542010065293,1.22565120254883
9,104,9e+07,90000104,FALSE,FALSE,"IG",TRUE,TRUE,0,"intercept",-1,-1.07234044726593,0.00718483807071873,0.9,-1.20691414366413,-0.930425413712254
9,104,9e+07,90000104,FALSE,FALSE,"IG",TRUE,TRUE,0,"X1_groups",1,1.02212406340478,0.00296786400175826,0.9,0.936251371501986,1.10735351858031
9,104,9e+07,90000104,FALSE,FALSE,"IG",TRUE,TRUE,0,"X2_dist",1,1.07236440547643,0.00548548260336218,0.9,0.953300979308292,1.18885297311527
9,104,9e+07,90000104,FALSE,FALSE,"IG",TRUE,TRUE,0,"X3_norm",1,1.10968249831787,0.00407233487000543,0.9,1.00651254321796,1.20977768201998
9,104,9e+07,90000104,FALSE,FALSE,"IG",TRUE,TRUE,0,"X4_row",1,0.983420699773089,0.00428853207983461,0.9,0.881345023395674,1.09699027315196
9,104,9e+07,90000104,TRUE,FALSE,"IG",TRUE,TRUE,0,"intercept",-1,-1.11612982377063,0.00894784218394475,0.9,-1.27856531146751,-0.97146237481964
9,104,9e+07,90000104,TRUE,FALSE,"IG",TRUE,TRUE,0,"X1_groups",1,0.882918254100945,0.00356038386300541,0.9,0.791662052643227,0.978871553486396
9,104,9e+07,90000104,TRUE,FALSE,"IG",TRUE,TRUE,0,"X2_dist",1,1.04810191889901,0.00664587312381005,0.9,0.931337896607197,1.19764679849856
9,104,9e+07,90000104,TRUE,FALSE,"IG",TRUE,TRUE,0,"X3_norm",1,1.08276175131594,0.00460442710139249,0.9,0.970624147823933,1.19661062843029
9,104,9e+07,90000104,TRUE,FALSE,"IG",TRUE,TRUE,0,"X4_row",1,1.03879237111572,0.00507577700988215,0.9,0.922623401250985,1.14778985873114
9,105,9e+07,90000105,FALSE,FALSE,"IG",TRUE,TRUE,0,"intercept",-1,-1.14168052837538,0.00795674001942137,0.9,-1.28866224404962,-0.99559472432859
9,105,9e+07,90000105,FALSE,FALSE,"IG",TRUE,TRUE,0,"X1_groups",1,1.13381574659525,0.00345661240834,0.9,1.04303992895052,1.23284698080809
9,105,9e+07,90000105,FALSE,FALSE,"IG",TRUE,TRUE,0,"X2_dist",1,1.07568600388391,0.00563563393347711,0.9,0.947697860286337,1.19728654940973
9,105,9e+07,90000105,FALSE,FALSE,"IG",TRUE,TRUE,0,"X3_norm",1,1.04205156683964,0.00380793992519474,0.9,0.937856419520594,1.14047653150005
9,105,9e+07,90000105,FALSE,FALSE,"IG",TRUE,TRUE,0,"X4_row",1,1.1344592467372,0.00468155582974114,0.9,1.0290902333803,1.24980623426378
9,105,9e+07,90000105,TRUE,FALSE,"IG",TRUE,TRUE,0,"intercept",-1,-1.02875480114216,0.00952658238744686,0.9,-1.18828700284567,-0.872010344768338
9,105,9e+07,90000105,TRUE,FALSE,"IG",TRUE,TRUE,0,"X1_groups",1,1.08821108220151,0.00466895024244209,0.9,0.987855671184106,1.19924764892562
9,105,9e+07,90000105,TRUE,FALSE,"IG",TRUE,TRUE,0,"X2_dist",1,0.995785617743918,0.00670621192489719,0.9,0.871167699032114,1.13773605798204
9,105,9e+07,90000105,TRUE,FALSE,"IG",TRUE,TRUE,0,"X3_norm",1,1.10722133173792,0.00483522257220466,0.9,0.993005750952629,1.22346641249232
9,105,9e+07,90000105,TRUE,FALSE,"IG",TRUE,TRUE,0,"X4_row",1,1.18201398411948,0.00579141438920712,0.9,1.06087561067933,1.31262263193327
9,106,9e+07,90000106,FALSE,FALSE,"IG",TRUE,TRUE,0,"intercept",-1,-1.03807235420729,0.00719677910363297,0.9,-1.17467115868467,-0.901589013243503
9,106,9e+07,90000106,FALSE,FALSE,"IG",TRUE,TRUE,0,"X1_groups",1,1.06645761706965,0.00320194669997325,0.9,0.977037073386514,1.16594777772317
9,106,9e+07,90000106,FALSE,FALSE,"IG",TRUE,TRUE,0,"X2_dist",1,1.0248326022546,0.00496813877388168,0.9,0.905217858418599,1.13423793212827
9,106,9e+07,90000106,FALSE,FALSE,"IG",TRUE,TRUE,0,"X3_norm",1,1.0708942186908,0.00377094778378981,0.9,0.971912573332078,1.16830464350743
9,106,9e+07,90000106,FALSE,FALSE,"IG",TRUE,TRUE,0,"X4_row",1,1.02711176636443,0.00429490350236906,0.9,0.920696868738724,1.13980801366931
9,106,9e+07,90000106,TRUE,FALSE,"IG",TRUE,TRUE,0,"intercept",-1,-0.987870960531806,0.00863520018593633,0.9,-1.13971193354577,-0.837652541056079
9,106,9e+07,90000106,TRUE,FALSE,"IG",TRUE,TRUE,0,"X1_groups",1,0.936324947268903,0.00375930355134287,0.9,0.848302001446895,1.03795669075456
9,106,9e+07,90000106,TRUE,FALSE,"IG",TRUE,TRUE,0,"X2_dist",1,0.988066042015539,0.00632822547601337,0.9,0.872708857541326,1.13414245743199
9,106,9e+07,90000106,TRUE,FALSE,"IG",TRUE,TRUE,0,"X3_norm",1,0.95883035894376,0.00393026768372571,0.9,0.862922345238106,1.06109802772862
9,106,9e+07,90000106,TRUE,FALSE,"IG",TRUE,TRUE,0,"X4_row",1,1.05020308873425,0.00474004634347954,0.9,0.932483128041944,1.15971292988979
9,107,9e+07,90000107,FALSE,FALSE,"IG",TRUE,TRUE,0,"intercept",-1,-0.925296312613428,0.0064714532625448,0.9,-1.0646314507451,-0.79840886021332
9,107,9e+07,90000107,FALSE,FALSE,"IG",TRUE,TRUE,0,"X1_groups",1,1.04170303932458,0.00293390658346366,0.9,0.958634783876648,1.13573830991609
9,107,9e+07,90000107,FALSE,FALSE,"IG",TRUE,TRUE,0,"X2_dist",1,0.94176232985786,0.00466095478700452,0.9,0.834592928667487,1.05086171860723
9,107,9e+07,90000107,FALSE,FALSE,"IG",TRUE,TRUE,0,"X3_norm",1,1.01350564941411,0.0035897899780786,0.9,0.915275708929914,1.10913102573097
9,107,9e+07,90000107,FALSE,FALSE,"IG",TRUE,TRUE,0,"X4_row",1,1.05626005805507,0.00422495554696864,0.9,0.94982730754588,1.16408119275942
9,107,9e+07,90000107,TRUE,FALSE,"IG",TRUE,TRUE,0,"intercept",-1,-0.950858933548458,0.00851326813606647,0.9,-1.09888278898256,-0.800946349140077
9,107,9e+07,90000107,TRUE,FALSE,"IG",TRUE,TRUE,0,"X1_groups",1,0.929743508726168,0.00395908127767941,0.9,0.824988496496116,1.02607719677888
9,107,9e+07,90000107,TRUE,FALSE,"IG",TRUE,TRUE,0,"X2_dist",1,0.968866364423436,0.00624800963994822,0.9,0.842639059354396,1.10659968370987
9,107,9e+07,90000107,TRUE,FALSE,"IG",TRUE,TRUE,0,"X3_norm",1,1.00636124783875,0.00441722704976957,0.9,0.899237293380629,1.11553995545441
9,107,9e+07,90000107,TRUE,FALSE,"IG",TRUE,TRUE,0,"X4_row",1,1.11953630531226,0.00578219179437671,0.9,0.994155763423004,1.24362707836131
9,108,9e+07,90000108,FALSE,FALSE,"IG",TRUE,TRUE,0,"intercept",-1,-1.01323461435158,0.00663575879180357,0.9,-1.14042708257919,-0.890287830965098
9,108,9e+07,90000108,FALSE,FALSE,"IG",TRUE,TRUE,0,"X1_groups",1,1.07408295788285,0.00317063820410896,0.9,0.989514704158081,1.17672110220319
9,108,9e+07,90000108,FALSE,FALSE,"IG",TRUE,TRUE,0,"X2_dist",1,0.964667848026259,0.00473698089413708,0.9,0.85282196879288,1.08197971875102
9,108,9e+07,90000108,FALSE,FALSE,"IG",TRUE,TRUE,0,"X3_norm",1,1.02596578687277,0.00393601909411606,0.9,0.921494256450064,1.12358648693163
9,108,9e+07,90000108,FALSE,FALSE,"IG",TRUE,TRUE,0,"X4_row",1,1.02388578833834,0.00441229023995808,0.9,0.917737997989144,1.13344594915836
9,108,9e+07,90000108,TRUE,FALSE,"IG",TRUE,TRUE,0,"intercept",-1,-0.95592423648321,0.00902936684420695,0.9,-1.13076557879246,-0.802621169529016
9,108,9e+07,90000108,TRUE,FALSE,"IG",TRUE,TRUE,0,"X1_groups",1,0.995033227869548,0.00409314708423041,0.9,0.893485630254051,1.09793344355226
9,108,9e+07,90000108,TRUE,FALSE,"IG",TRUE,TRUE,0,"X2_dist",1,0.980763892622659,0.00649706450484807,0.9,0.850523297878025,1.12302287638329
9,108,9e+07,90000108,TRUE,FALSE,"IG",TRUE,TRUE,0,"X3_norm",1,1.01543429389027,0.004261472772234,0.9,0.905834068945276,1.12325300744907
9,108,9e+07,90000108,TRUE,FALSE,"IG",TRUE,TRUE,0,"X4_row",1,1.1550053172463,0.00551353375407734,0.9,1.03506637016511,1.28021026164954
9,109,9e+07,90000109,FALSE,FALSE,"IG",TRUE,TRUE,0,"intercept",-1,-1.14656558203523,0.00746002196910624,0.9,-1.28728851311721,-0.999081721154723
9,109,9e+07,90000109,FALSE,FALSE,"IG",TRUE,TRUE,0,"X1_groups",1,1.00311858140055,0.00311989623779403,0.9,0.913817251582463,1.09465983340892
9,109,9e+07,90000109,FALSE,FALSE,"IG",TRUE,TRUE,0,"X2_dist",1,1.08747183372076,0.00542942629885156,0.9,0.96341454868962,1.20443951011997
9,109,9e+07,90000109,FALSE,FALSE,"IG",TRUE,TRUE,0,"X3_norm",1,1.11686896650125,0.00398762529822842,0.9,1.01279857640241,1.2230151980366
9,109,9e+07,90000109,FALSE,FALSE,"IG",TRUE,TRUE,0,"X4_row",1,1.18325544552594,0.00487561921494875,0.9,1.0703409739062,1.29891048024004
9,109,9e+07,90000109,TRUE,FALSE,"IG",TRUE,TRUE,0,"intercept",-1,-1.28911709934281,0.0128784066109742,0.9,-1.47607559584427,-1.1098508713459
9,109,9e+07,90000109,TRUE,FALSE,"IG",TRUE,TRUE,0,"X1_groups",1,1.03856499818971,0.00512178794062492,0.9,0.929006782167626,1.15631805130374
9,109,9e+07,90000109,TRUE,FALSE,"IG",TRUE,TRUE,0,"X2_dist",1,1.29253155841817,0.0102313491059642,0.9,1.14267117296186,1.47579411358327
9,109,9e+07,90000109,TRUE,FALSE,"IG",TRUE,TRUE,0,"X3_norm",1,1.1984751130754,0.00578195820258017,0.9,1.079995056267,1.33023876131967
9,109,9e+07,90000109,TRUE,FALSE,"IG",TRUE,TRUE,0,"X4_row",1,1.28235467725492,0.00755428443369287,0.9,1.14131384984602,1.43012472005981
9,110,9e+07,90000110,FALSE,FALSE,"IG",TRUE,TRUE,0,"intercept",-1,-1.05738237416185,0.00844890885067401,0.9,-1.21090818070855,-0.906005938124154
9,110,9e+07,90000110,FALSE,FALSE,"IG",TRUE,TRUE,0,"X1_groups",1,1.18482212811136,0.00386475869305502,0.9,1.08982536211384,1.30077386656042
9,110,9e+07,90000110,FALSE,FALSE,"IG",TRUE,TRUE,0,"X2_dist",1,1.11262641134785,0.00611490125801215,0.9,0.989719447910736,1.24071244139675
9,110,9e+07,90000110,FALSE,FALSE,"IG",TRUE,TRUE,0,"X3_norm",1,1.12523870818115,0.0044756539566751,0.9,1.01086576266944,1.22987074040648
9,110,9e+07,90000110,FALSE,FALSE,"IG",TRUE,TRUE,0,"X4_row",1,1.20452258706498,0.00535060224873271,0.9,1.08318489483972,1.32751295170407
9,110,9e+07,90000110,TRUE,FALSE,"IG",TRUE,TRUE,0,"intercept",-1,-0.924026560867444,0.00980344878228009,0.9,-1.11394253249149,-0.774537063882911
9,110,9e+07,90000110,TRUE,FALSE,"IG",TRUE,TRUE,0,"X1_groups",1,0.9197259455595,0.00367986015473652,0.9,0.828815256543182,1.02594645169582
9,110,9e+07,90000110,TRUE,FALSE,"IG",TRUE,TRUE,0,"X2_dist",1,0.96599693531783,0.00719475135572488,0.9,0.838470706258322,1.12895751034415
9,110,9e+07,90000110,TRUE,FALSE,"IG",TRUE,TRUE,0,"X3_norm",1,0.959719421772989,0.00356542726158588,0.9,0.858896937386943,1.0530152905182
9,110,9e+07,90000110,TRUE,FALSE,"IG",TRUE,TRUE,0,"X4_row",1,1.12896779608081,0.0052491379757458,0.9,1.01442885436103,1.25007587974401
9,111,9e+07,90000111,FALSE,FALSE,"IG",TRUE,TRUE,0,"intercept",-1,-1.21913277661544,0.00863645252618868,0.9,-1.37360961834424,-1.07909727469494
9,111,9e+07,90000111,FALSE,FALSE,"IG",TRUE,TRUE,0,"X1_groups",1,1.17696780806675,0.00383773646977448,0.9,1.08206888486085,1.28588125839955
9,111,9e+07,90000111,FALSE,FALSE,"IG",TRUE,TRUE,0,"X2_dist",1,1.19953230332129,0.00659427006117581,0.9,1.06901792369009,1.33611063892088
9,111,9e+07,90000111,FALSE,FALSE,"IG",TRUE,TRUE,0,"X3_norm",1,1.15084141447178,0.00467912766143316,0.9,1.04273219725571,1.26526778253935
9,111,9e+07,90000111,FALSE,FALSE,"IG",TRUE,TRUE,0,"X4_row",1,1.14638660494467,0.00479300475767953,0.9,1.04007395178041,1.26248696608254
9,111,9e+07,90000111,TRUE,FALSE,"IG",TRUE,TRUE,0,"intercept",-1,-0.987973059680956,0.00898529726830739,0.9,-1.14370703550282,-0.841684518052187
9,111,9e+07,90000111,TRUE,FALSE,"IG",TRUE,TRUE,0,"X1_groups",1,0.879282177884875,0.00396829445156368,0.9,0.786890160067746,0.985505054039905
9,111,9e+07,90000111,TRUE,FALSE,"IG",TRUE,TRUE,0,"X2_dist",1,1.00428163735022,0.00658347624565789,0.9,0.871844557415453,1.14933314835433
9,111,9e+07,90000111,TRUE,FALSE,"IG",TRUE,TRUE,0,"X3_norm",1,1.03563652732276,0.00431696494175666,0.9,0.926184458796623,1.1397482528628
9,111,9e+07,90000111,TRUE,FALSE,"IG",TRUE,TRUE,0,"X4_row",1,1.11504207913118,0.00508777428852852,0.9,0.997247941838561,1.23154939082769
9,112,9e+07,90000112,FALSE,FALSE,"IG",TRUE,TRUE,0,"intercept",-1,-0.917548530488553,0.00673727992546389,0.9,-1.05295352067272,-0.781329761780314
9,112,9e+07,90000112,FALSE,FALSE,"IG",TRUE,TRUE,0,"X1_groups",1,1.07508404652896,0.0032578316349932,0.9,0.975821035483341,1.16900332341084
9,112,9e+07,90000112,FALSE,FALSE,"IG",TRUE,TRUE,0,"X2_dist",1,1.00134503036037,0.00527658785633724,0.9,0.885131657399978,1.12117400253236
9,112,9e+07,90000112,FALSE,FALSE,"IG",TRUE,TRUE,0,"X3_norm",1,1.02713841419829,0.00382293679799416,0.9,0.923382741698028,1.12890550406388
9,112,9e+07,90000112,FALSE,FALSE,"IG",TRUE,TRUE,0,"X4_row",1,1.10904392179226,0.00461380266516475,0.9,0.998966867884059,1.22234315255418
9,112,9e+07,90000112,TRUE,FALSE,"IG",TRUE,TRUE,0,"intercept",-1,-0.953810732383422,0.00926666285373544,0.9,-1.11882852405317,-0.807193037261377
9,112,9e+07,90000112,TRUE,FALSE,"IG",TRUE,TRUE,0,"X1_groups",1,0.928593319601998,0.00389986618904147,0.9,0.831496369745629,1.03139989049433
9,112,9e+07,90000112,TRUE,FALSE,"IG",TRUE,TRUE,0,"X2_dist",1,0.994992742334977,0.00667686694256971,0.9,0.865249612764778,1.13580380225965
9,112,9e+07,90000112,TRUE,FALSE,"IG",TRUE,TRUE,0,"X3_norm",1,1.01840108461416,0.00413380089394344,0.9,0.917071553392309,1.1265212851249
9,112,9e+07,90000112,TRUE,FALSE,"IG",TRUE,TRUE,0,"X4_row",1,1.07731366176763,0.00473000213949999,0.9,0.966184307548795,1.18323928805128
9,113,9e+07,90000113,FALSE,FALSE,"IG",TRUE,TRUE,0,"intercept",-1,-1.08584850875475,0.00691840984042627,0.9,-1.22406519840673,-0.954071407466987
9,113,9e+07,90000113,FALSE,FALSE,"IG",TRUE,TRUE,0,"X1_groups",1,1.04918338093839,0.00324792712422076,0.9,0.958128807614492,1.14633342547998
9,113,9e+07,90000113,FALSE,FALSE,"IG",TRUE,TRUE,0,"X2_dist",1,1.04902522581424,0.00476658615671593,0.9,0.928184747011885,1.16689005072765
9,113,9e+07,90000113,FALSE,FALSE,"IG",TRUE,TRUE,0,"X3_norm",1,1.01590059116393,0.00363168006760583,0.9,0.921361378787702,1.12261055887543
9,113,9e+07,90000113,FALSE,FALSE,"IG",TRUE,TRUE,0,"X4_row",1,1.02000589840679,0.00435712862283553,0.9,0.913405283012082,1.1248359595045
9,113,9e+07,90000113,TRUE,FALSE,"IG",TRUE,TRUE,0,"intercept",-1,-0.908423404397816,0.00883824368798405,0.9,-1.06784633666384,-0.765644756306618
9,113,9e+07,90000113,TRUE,FALSE,"IG",TRUE,TRUE,0,"X1_groups",1,0.866825766102014,0.00363743814925891,0.9,0.772953276809316,0.968520525183195
9,113,9e+07,90000113,TRUE,FALSE,"IG",TRUE,TRUE,0,"X2_dist",1,0.971066743942475,0.00632796009982614,0.9,0.845923400456585,1.10882352070364
9,113,9e+07,90000113,TRUE,FALSE,"IG",TRUE,TRUE,0,"X3_norm",1,0.936454068061415,0.00399685640012444,0.9,0.824497829651623,1.04426398454449
9,113,9e+07,90000113,TRUE,FALSE,"IG",TRUE,TRUE,0,"X4_row",1,0.962211151342976,0.00429157802004195,0.9,0.857682641127561,1.06750165767249
9,114,9e+07,90000114,FALSE,FALSE,"IG",TRUE,TRUE,0,"intercept",-1,-1.08765314328112,0.0071046905236319,0.9,-1.22967676213271,-0.948244722637039
9,114,9e+07,90000114,FALSE,FALSE,"IG",TRUE,TRUE,0,"X1_groups",1,0.928940703695264,0.00294089130565662,0.9,0.84652161126703,1.01860732581186
9,114,9e+07,90000114,FALSE,FALSE,"IG",TRUE,TRUE,0,"X2_dist",1,1.02809054249664,0.00507310953819362,0.9,0.913558874449492,1.14118739952477
9,114,9e+07,90000114,FALSE,FALSE,"IG",TRUE,TRUE,0,"X3_norm",1,1.02926091364739,0.00365548280376687,0.9,0.93289869651227,1.1312686615431
9,114,9e+07,90000114,FALSE,FALSE,"IG",TRUE,TRUE,0,"X4_row",1,1.01591300660957,0.00395657482211072,0.9,0.909824196006681,1.11512849442102
9,114,9e+07,90000114,TRUE,FALSE,"IG",TRUE,TRUE,0,"intercept",-1,-1.07183862831319,0.00920471391359549,0.9,-1.2300204588379,-0.916768086407986
9,114,9e+07,90000114,TRUE,FALSE,"IG",TRUE,TRUE,0,"X1_groups",1,0.876990751483312,0.00389706742351591,0.9,0.776262591578324,0.975086849895524
9,114,9e+07,90000114,TRUE,FALSE,"IG",TRUE,TRUE,0,"X2_dist",1,1.06210538618273,0.00618166453918059,0.9,0.938115502348459,1.20112429216269
9,114,9e+07,90000114,TRUE,FALSE,"IG",TRUE,TRUE,0,"X3_norm",1,1.01042436177886,0.00427068342610189,0.9,0.898961174949723,1.11552370941007
9,114,9e+07,90000114,TRUE,FALSE,"IG",TRUE,TRUE,0,"X4_row",1,1.16090834185131,0.00520825376319576,0.9,1.04588503996897,1.27857437507292
9,115,9e+07,90000115,FALSE,FALSE,"IG",TRUE,TRUE,0,"intercept",-1,-0.963662711781479,0.00621059745485688,0.9,-1.09766354947039,-0.834053997292001
9,115,9e+07,90000115,FALSE,FALSE,"IG",TRUE,TRUE,0,"X1_groups",1,0.948854805559646,0.00265326948833208,0.9,0.866055392151352,1.02954180999893
9,115,9e+07,90000115,FALSE,FALSE,"IG",TRUE,TRUE,0,"X2_dist",1,0.940800781843067,0.00449044755021697,0.9,0.83183802990691,1.05129157960148
9,115,9e+07,90000115,FALSE,FALSE,"IG",TRUE,TRUE,0,"X3_norm",1,0.901543207654345,0.00292045597483303,0.9,0.812187774696781,0.98429388426233
9,115,9e+07,90000115,FALSE,FALSE,"IG",TRUE,TRUE,0,"X4_row",1,0.994529386047952,0.00388492043077171,0.9,0.891561047388518,1.0997622121586
9,115,9e+07,90000115,TRUE,FALSE,"IG",TRUE,TRUE,0,"intercept",-1,-1.02448238975264,0.00949148120746673,0.9,-1.18778848676912,-0.86363351699829
9,115,9e+07,90000115,TRUE,FALSE,"IG",TRUE,TRUE,0,"X1_groups",1,0.868600083433948,0.00385829119667899,0.9,0.77395136514483,0.975902779712948
9,115,9e+07,90000115,TRUE,FALSE,"IG",TRUE,TRUE,0,"X2_dist",1,1.05392451731486,0.00689225233267239,0.9,0.922190001573558,1.19189422945568
9,115,9e+07,90000115,TRUE,FALSE,"IG",TRUE,TRUE,0,"X3_norm",1,1.00766800945141,0.00418858992468531,0.9,0.906915899514057,1.11868062200398
9,115,9e+07,90000115,TRUE,FALSE,"IG",TRUE,TRUE,0,"X4_row",1,1.15060204343346,0.00585910004592479,0.9,1.02617293097419,1.28397939383189
9,116,9e+07,90000116,FALSE,FALSE,"IG",TRUE,TRUE,0,"intercept",-1,-1.05480001066852,0.0075044504574054,0.9,-1.19322125874444,-0.91167421947763
9,116,9e+07,90000116,FALSE,FALSE,"IG",TRUE,TRUE,0,"X1_groups",1,1.13457263705529,0.00364743724675737,0.9,1.02963647452967,1.23930578933688
9,116,9e+07,90000116,FALSE,FALSE,"IG",TRUE,TRUE,0,"X2_dist",1,1.08158268470627,0.00559884023064852,0.9,0.967307575282161,1.20093636278083
9,116,9e+07,90000116,FALSE,FALSE,"IG",TRUE,TRUE,0,"X3_norm",1,1.10794189955912,0.00421600858364989,0.9,1.00029375919892,1.2151667896188
9,116,9e+07,90000116,FALSE,FALSE,"IG",TRUE,TRUE,0,"X4_row",1,1.02547514360188,0.00437900967269848,0.9,0.917964467708161,1.13810123712473
9,116,9e+07,90000116,TRUE,FALSE,"IG",TRUE,TRUE,0,"intercept",-1,-0.970969783307178,0.00849912100643125,0.9,-1.13318431674254,-0.832240576142937
9,116,9e+07,90000116,TRUE,FALSE,"IG",TRUE,TRUE,0,"X1_groups",1,0.89404316001998,0.00362574366449376,0.9,0.801633495433216,0.99653028583888
9,116,9e+07,90000116,TRUE,FALSE,"IG",TRUE,TRUE,0,"X2_dist",1,0.970519993474998,0.00586603066485507,0.9,0.850702686809305,1.10505236596268
9,116,9e+07,90000116,TRUE,FALSE,"IG",TRUE,TRUE,0,"X3_norm",1,1.02081409814084,0.00431615970957473,0.9,0.921558465022317,1.1276052874883
9,116,9e+07,90000116,TRUE,FALSE,"IG",TRUE,TRUE,0,"X4_row",1,1.0899461420202,0.00482302836897954,0.9,0.976212253889734,1.19005242937791
9,117,9e+07,90000117,FALSE,FALSE,"IG",TRUE,TRUE,0,"intercept",-1,-0.910520728200125,0.00631752411989,0.9,-1.03465527621421,-0.787905342931126
9,117,9e+07,90000117,FALSE,FALSE,"IG",TRUE,TRUE,0,"X1_groups",1,0.994848212566119,0.00284729863257188,0.9,0.910338785899907,1.090510172582
9,117,9e+07,90000117,FALSE,FALSE,"IG",TRUE,TRUE,0,"X2_dist",1,0.925550308052989,0.00452516429821743,0.9,0.810495253171954,1.03350369955782
9,117,9e+07,90000117,FALSE,FALSE,"IG",TRUE,TRUE,0,"X3_norm",1,1.00938276603234,0.00353900576465684,0.9,0.907722169752729,1.11038428267114
9,117,9e+07,90000117,FALSE,FALSE,"IG",TRUE,TRUE,0,"X4_row",1,0.979184961917371,0.00402609396440017,0.9,0.880156772683892,1.09107099310794
9,117,9e+07,90000117,TRUE,FALSE,"IG",TRUE,TRUE,0,"intercept",-1,-0.818749808577615,0.00807151383582441,0.9,-0.974053012057493,-0.672606113727309
9,117,9e+07,90000117,TRUE,FALSE,"IG",TRUE,TRUE,0,"X1_groups",1,0.859273590713847,0.00329603165063746,0.9,0.768887116266474,0.958815676550848
9,117,9e+07,90000117,TRUE,FALSE,"IG",TRUE,TRUE,0,"X2_dist",1,0.82992403276906,0.00541740889715607,0.9,0.712637847330196,0.953771895653681
9,117,9e+07,90000117,TRUE,FALSE,"IG",TRUE,TRUE,0,"X3_norm",1,0.964595868174947,0.00367829854841742,0.9,0.864442605231041,1.06665917160814
9,117,9e+07,90000117,TRUE,FALSE,"IG",TRUE,TRUE,0,"X4_row",1,1.01959046205501,0.00451412316564118,0.9,0.904452434689389,1.12787880902043
9,118,9e+07,90000118,FALSE,FALSE,"IG",TRUE,TRUE,0,"intercept",-1,-0.878222454163006,0.0066565726537899,0.9,-1.01149735610616,-0.74106163067712
9,118,9e+07,90000118,FALSE,FALSE,"IG",TRUE,TRUE,0,"X1_groups",1,1.05112636457901,0.00313367168622186,0.9,0.958137230028026,1.14855714298351
9,118,9e+07,90000118,FALSE,FALSE,"IG",TRUE,TRUE,0,"X2_dist",1,0.953930019900335,0.0047782221503888,0.9,0.839414430066025,1.06412048260148
9,118,9e+07,90000118,FALSE,FALSE,"IG",TRUE,TRUE,0,"X3_norm",1,1.04910324495627,0.0035429365596088,0.9,0.950937850756552,1.15274074049497
9,118,9e+07,90000118,FALSE,FALSE,"IG",TRUE,TRUE,0,"X4_row",1,0.972380215417197,0.00408266243332738,0.9,0.870807694436456,1.08073378379417
9,118,9e+07,90000118,TRUE,FALSE,"IG",TRUE,TRUE,0,"intercept",-1,-0.858774658761369,0.00874104389645773,0.9,-1.01586546709485,-0.705567330817941
9,118,9e+07,90000118,TRUE,FALSE,"IG",TRUE,TRUE,0,"X1_groups",1,0.952986299093154,0.00381695654779686,0.9,0.860164102272449,1.05143385055181
9,118,9e+07,90000118,TRUE,FALSE,"IG",TRUE,TRUE,0,"X2_dist",1,0.935521586726488,0.00611337638497584,0.9,0.809656973972582,1.07050506309885
9,118,9e+07,90000118,TRUE,FALSE,"IG",TRUE,TRUE,0,"X3_norm",1,0.990439353049906,0.00378550891462626,0.9,0.892506856767029,1.08151580715316
9,118,9e+07,90000118,TRUE,FALSE,"IG",TRUE,TRUE,0,"X4_row",1,1.09939032748051,0.00528784147984326,0.9,0.974096276057055,1.22071771455114
9,119,9e+07,90000119,FALSE,FALSE,"IG",TRUE,TRUE,0,"intercept",-1,-0.833274481100139,0.00623868281418108,0.9,-0.959737423784428,-0.706324689031479
9,119,9e+07,90000119,FALSE,FALSE,"IG",TRUE,TRUE,0,"X1_groups",1,1.04255864329772,0.00292610971598351,0.9,0.957474168481487,1.13159950112529
9,119,9e+07,90000119,FALSE,FALSE,"IG",TRUE,TRUE,0,"X2_dist",1,0.83360511604696,0.00456190546030433,0.9,0.722696695187832,0.943604319443156
9,119,9e+07,90000119,FALSE,FALSE,"IG",TRUE,TRUE,0,"X3_norm",1,1.02233774427253,0.0037844147051451,0.9,0.921077790490965,1.12477287874936
9,119,9e+07,90000119,FALSE,FALSE,"IG",TRUE,TRUE,0,"X4_row",1,1.00322868639152,0.00411605987368696,0.9,0.901164458828131,1.11162038688886
9,119,9e+07,90000119,TRUE,FALSE,"IG",TRUE,TRUE,0,"intercept",-1,-1.01102611605189,0.00838414002910169,0.9,-1.17896618508696,-0.868071842734474
9,119,9e+07,90000119,TRUE,FALSE,"IG",TRUE,TRUE,0,"X1_groups",1,0.850457339342956,0.00326395341944438,0.9,0.762658612095055,0.94890290972538
9,119,9e+07,90000119,TRUE,FALSE,"IG",TRUE,TRUE,0,"X2_dist",1,0.962761471286336,0.00584461241938991,0.9,0.84579836382135,1.09820246750304
9,119,9e+07,90000119,TRUE,FALSE,"IG",TRUE,TRUE,0,"X3_norm",1,0.913355453811504,0.00372239009365514,0.9,0.819861120196058,1.01253570004062
9,119,9e+07,90000119,TRUE,FALSE,"IG",TRUE,TRUE,0,"X4_row",1,0.95681433342618,0.00428403012707506,0.9,0.844871000100498,1.05698677662961
9,120,9e+07,90000120,FALSE,FALSE,"IG",TRUE,TRUE,0,"intercept",-1,-1.17804288398005,0.0077514721943809,0.9,-1.32466452759046,-1.03127465407403
9,120,9e+07,90000120,FALSE,FALSE,"IG",TRUE,TRUE,0,"X1_groups",1,1.07432885981791,0.00347738013497881,0.9,0.982927938320348,1.16920718225578
9,120,9e+07,90000120,FALSE,FALSE,"IG",TRUE,TRUE,0,"X2_dist",1,1.14921429248907,0.00603767862830431,0.9,1.03079150610108,1.28025897421204
9,120,9e+07,90000120,FALSE,FALSE,"IG",TRUE,TRUE,0,"X3_norm",1,1.09045526804609,0.00421687313001187,0.9,0.987543407459748,1.19890746851757
9,120,9e+07,90000120,FALSE,FALSE,"IG",TRUE,TRUE,0,"X4_row",1,1.10470941681339,0.00449152454271102,0.9,0.996748248699562,1.21590123912322
9,120,9e+07,90000120,TRUE,FALSE,"IG",TRUE,TRUE,0,"intercept",-1,-1.13969463189912,0.0102193500914993,0.9,-1.3184910679032,-0.983711969779688
9,120,9e+07,90000120,TRUE,FALSE,"IG",TRUE,TRUE,0,"X1_groups",1,0.944289211410027,0.00446676110849871,0.9,0.848141921767153,1.05823374469215
9,120,9e+07,90000120,TRUE,FALSE,"IG",TRUE,TRUE,0,"X2_dist",1,1.0298314763215,0.00689342817805256,0.9,0.894705365750219,1.17025262576308
9,120,9e+07,90000120,TRUE,FALSE,"IG",TRUE,TRUE,0,"X3_norm",1,1.14396141452244,0.00535510640455412,0.9,1.0240170608966,1.26848155916649
9,120,9e+07,90000120,TRUE,FALSE,"IG",TRUE,TRUE,0,"X4_row",1,1.09224902670068,0.00527138502039867,0.9,0.977861568935626,1.20937305464647
9,121,9e+07,90000121,FALSE,FALSE,"IG",TRUE,TRUE,0,"intercept",-1,-1.08239615795442,0.00712880337295084,0.9,-1.21083913815726,-0.941653081282671
9,121,9e+07,90000121,FALSE,FALSE,"IG",TRUE,TRUE,0,"X1_groups",1,1.00981071477007,0.00295792378264756,0.9,0.923008741886146,1.09885176513653
9,121,9e+07,90000121,FALSE,FALSE,"IG",TRUE,TRUE,0,"X2_dist",1,1.06004565301165,0.00523467673882923,0.9,0.947753574074052,1.17265473541987
9,121,9e+07,90000121,FALSE,FALSE,"IG",TRUE,TRUE,0,"X3_norm",1,0.963994650348794,0.00343418861379764,0.9,0.865986477442916,1.06154921236667
9,121,9e+07,90000121,FALSE,FALSE,"IG",TRUE,TRUE,0,"X4_row",1,0.984500763447354,0.00387849641039196,0.9,0.887610601221111,1.08920517239003
9,121,9e+07,90000121,TRUE,FALSE,"IG",TRUE,TRUE,0,"intercept",-1,-0.936656140485699,0.00911015359106512,0.9,-1.09831193578667,-0.788614358704578
9,121,9e+07,90000121,TRUE,FALSE,"IG",TRUE,TRUE,0,"X1_groups",1,0.926769555451277,0.00364740043459332,0.9,0.833364331017207,1.02798766463937
9,121,9e+07,90000121,TRUE,FALSE,"IG",TRUE,TRUE,0,"X2_dist",1,1.01397917315856,0.00663691493399282,0.9,0.888482598025834,1.16188623277503
9,121,9e+07,90000121,TRUE,FALSE,"IG",TRUE,TRUE,0,"X3_norm",1,1.04604981688569,0.00467253185233752,0.9,0.936329643982392,1.16810783871652
9,121,9e+07,90000121,TRUE,FALSE,"IG",TRUE,TRUE,0,"X4_row",1,1.10488053597844,0.00517021569575163,0.9,0.989397265486141,1.21943543293118
9,122,9e+07,90000122,FALSE,FALSE,"IG",TRUE,TRUE,0,"intercept",-1,-1.06146382986026,0.00724390564631735,0.9,-1.20490889947377,-0.923173863041732
9,122,9e+07,90000122,FALSE,FALSE,"IG",TRUE,TRUE,0,"X1_groups",1,1.06830250025391,0.00322776798926226,0.9,0.976360171072544,1.16240199836777
9,122,9e+07,90000122,FALSE,FALSE,"IG",TRUE,TRUE,0,"X2_dist",1,1.07343116536809,0.00556023369402315,0.9,0.956884944838144,1.20283040346502
9,122,9e+07,90000122,FALSE,FALSE,"IG",TRUE,TRUE,0,"X3_norm",1,1.12412221671857,0.0043437734925898,0.9,1.01512627628534,1.24231027752367
9,122,9e+07,90000122,FALSE,FALSE,"IG",TRUE,TRUE,0,"X4_row",1,0.99898597726133,0.00435302923726971,0.9,0.885617994067208,1.10229407174996
9,122,9e+07,90000122,TRUE,FALSE,"IG",TRUE,TRUE,0,"intercept",-1,-1.05560931413533,0.00933324316893523,0.9,-1.21750945353805,-0.905638574709316
9,122,9e+07,90000122,TRUE,FALSE,"IG",TRUE,TRUE,0,"X1_groups",1,1.01087062177076,0.00459142774845628,0.9,0.909347268356363,1.12743821420258
9,122,9e+07,90000122,TRUE,FALSE,"IG",TRUE,TRUE,0,"X2_dist",1,1.05795184065347,0.00646890409910699,0.9,0.937653738674056,1.20419879986525
9,122,9e+07,90000122,TRUE,FALSE,"IG",TRUE,TRUE,0,"X3_norm",1,1.10247652848735,0.00493809861520922,0.9,0.994696012987967,1.21740544458931
9,122,9e+07,90000122,TRUE,FALSE,"IG",TRUE,TRUE,0,"X4_row",1,1.04350153414568,0.0050699214881403,0.9,0.92685250281545,1.15053209238121
9,123,9e+07,90000123,FALSE,FALSE,"IG",TRUE,TRUE,0,"intercept",-1,-1.1375994912165,0.00705305246171574,0.9,-1.2712161072557,-1.00215592323869
9,123,9e+07,90000123,FALSE,FALSE,"IG",TRUE,TRUE,0,"X1_groups",1,1.08687120347202,0.00322317817794372,0.9,0.996899391106186,1.18559292679095
9,123,9e+07,90000123,FALSE,FALSE,"IG",TRUE,TRUE,0,"X2_dist",1,1.07787495116048,0.00517477822743257,0.9,0.964263370188678,1.18429671009561
9,123,9e+07,90000123,FALSE,FALSE,"IG",TRUE,TRUE,0,"X3_norm",1,1.03977615166033,0.00357543376156178,0.9,0.936882823275216,1.14345675574131
9,123,9e+07,90000123,FALSE,FALSE,"IG",TRUE,TRUE,0,"X4_row",1,1.04850389195118,0.00414870480707459,0.9,0.946017605940377,1.15808094522417
9,123,9e+07,90000123,TRUE,FALSE,"IG",TRUE,TRUE,0,"intercept",-1,-1.15147854475222,0.0110193501240731,0.9,-1.32676835861254,-0.990376112537978
9,123,9e+07,90000123,TRUE,FALSE,"IG",TRUE,TRUE,0,"X1_groups",1,0.982535816711843,0.00443231133507303,0.9,0.88296798933778,1.0927904756439
9,123,9e+07,90000123,TRUE,FALSE,"IG",TRUE,TRUE,0,"X2_dist",1,1.07801524846087,0.007571152239833,0.9,0.94355380208543,1.2191160274506
9,123,9e+07,90000123,TRUE,FALSE,"IG",TRUE,TRUE,0,"X3_norm",1,1.13154776436701,0.00521527316468787,0.9,1.02167764036377,1.24907784903171
9,123,9e+07,90000123,TRUE,FALSE,"IG",TRUE,TRUE,0,"X4_row",1,1.23454119642629,0.00700239164594906,0.9,1.09795592801033,1.3738900526707
9,124,9e+07,90000124,FALSE,FALSE,"IG",TRUE,TRUE,0,"intercept",-1,-1.07706351850713,0.00749623888856311,0.9,-1.22119006266991,-0.936347371858994
9,124,9e+07,90000124,FALSE,FALSE,"IG",TRUE,TRUE,0,"X1_groups",1,1.11723645408617,0.0032820764156107,0.9,1.02778754910313,1.20912633316962
9,124,9e+07,90000124,FALSE,FALSE,"IG",TRUE,TRUE,0,"X2_dist",1,1.09779339653173,0.0055505051464935,0.9,0.970340311933583,1.2213607316542
9,124,9e+07,90000124,FALSE,FALSE,"IG",TRUE,TRUE,0,"X3_norm",1,1.13467549010462,0.00438827467748878,0.9,1.02932546654533,1.24347994477562
9,124,9e+07,90000124,FALSE,FALSE,"IG",TRUE,TRUE,0,"X4_row",1,1.03214659532945,0.00418250616405895,0.9,0.931523542498386,1.14190047266053
9,124,9e+07,90000124,TRUE,FALSE,"IG",TRUE,TRUE,0,"intercept",-1,-1.02484885362288,0.00966222618135829,0.9,-1.19176233048859,-0.870978201167487
9,124,9e+07,90000124,TRUE,FALSE,"IG",TRUE,TRUE,0,"X1_groups",1,1.01801200696167,0.0045699549578546,0.9,0.913328625892498,1.13720956414388
9,124,9e+07,90000124,TRUE,FALSE,"IG",TRUE,TRUE,0,"X2_dist",1,1.11589929170426,0.00774323718065799,0.9,0.986160021456226,1.2780865171681
9,124,9e+07,90000124,TRUE,FALSE,"IG",TRUE,TRUE,0,"X3_norm",1,1.02115214195116,0.00456547653780161,0.9,0.909447215612984,1.13056241839837
9,124,9e+07,90000124,TRUE,FALSE,"IG",TRUE,TRUE,0,"X4_row",1,1.14958455099758,0.00611067075780881,0.9,1.02623214658841,1.27722370513481
9,125,9e+07,90000125,FALSE,FALSE,"IG",TRUE,TRUE,0,"intercept",-1,-1.27293468994147,0.00902975104824498,0.9,-1.41959874329536,-1.11877955658988
9,125,9e+07,90000125,FALSE,FALSE,"IG",TRUE,TRUE,0,"X1_groups",1,1.14877511715017,0.00381014857505669,0.9,1.05212533163459,1.24593972082938
9,125,9e+07,90000125,FALSE,FALSE,"IG",TRUE,TRUE,0,"X2_dist",1,1.20211997541474,0.00667876290441439,0.9,1.07113780420916,1.3370220163062
9,125,9e+07,90000125,FALSE,FALSE,"IG",TRUE,TRUE,0,"X3_norm",1,1.12924496985304,0.0047050105208902,0.9,1.01852676920244,1.24394757267455
9,125,9e+07,90000125,FALSE,FALSE,"IG",TRUE,TRUE,0,"X4_row",1,1.12646947652505,0.00500092089139361,0.9,1.01038580859094,1.2358619240356
9,125,9e+07,90000125,TRUE,FALSE,"IG",TRUE,TRUE,0,"intercept",-1,-1.04743234248595,0.00889809224863161,0.9,-1.20200156496967,-0.901303592790218
9,125,9e+07,90000125,TRUE,FALSE,"IG",TRUE,TRUE,0,"X1_groups",1,0.919761623756281,0.00377115880112691,0.9,0.830069445074953,1.02406212142907
9,125,9e+07,90000125,TRUE,FALSE,"IG",TRUE,TRUE,0,"X2_dist",1,1.04439816340364,0.00678406497522175,0.9,0.910581019172313,1.19364120146896
9,125,9e+07,90000125,TRUE,FALSE,"IG",TRUE,TRUE,0,"X3_norm",1,0.942928740802683,0.0039295006697239,0.9,0.841968497400198,1.04417296577051
9,125,9e+07,90000125,TRUE,FALSE,"IG",TRUE,TRUE,0,"X4_row",1,1.08988136939817,0.00529303003807694,0.9,0.972278306826348,1.21655110217795
9,126,9e+07,90000126,FALSE,FALSE,"IG",TRUE,TRUE,0,"intercept",-1,-0.921867898656254,0.00632668897079791,0.9,-1.05094617974527,-0.796068749805754
9,126,9e+07,90000126,FALSE,FALSE,"IG",TRUE,TRUE,0,"X1_groups",1,0.981511565273299,0.00271789820400243,0.9,0.902384922919518,1.06809089832871
9,126,9e+07,90000126,FALSE,FALSE,"IG",TRUE,TRUE,0,"X2_dist",1,0.923448399743791,0.00432341849526413,0.9,0.812833182719974,1.03192836391555
9,126,9e+07,90000126,FALSE,FALSE,"IG",TRUE,TRUE,0,"X3_norm",1,0.967764377868132,0.00325700118111675,0.9,0.872032652379801,1.0575794602608
9,126,9e+07,90000126,FALSE,FALSE,"IG",TRUE,TRUE,0,"X4_row",1,0.984235728219274,0.00406421903332398,0.9,0.878873490740578,1.09181125201654
9,126,9e+07,90000126,TRUE,FALSE,"IG",TRUE,TRUE,0,"intercept",-1,-0.945785429850306,0.00904820196497908,0.9,-1.11104094210591,-0.799976551019666
9,126,9e+07,90000126,TRUE,FALSE,"IG",TRUE,TRUE,0,"X1_groups",1,0.811055888816007,0.00329093396257404,0.9,0.721307583900375,0.906263386375467
9,126,9e+07,90000126,TRUE,FALSE,"IG",TRUE,TRUE,0,"X2_dist",1,0.964815109346532,0.006304124948012,0.9,0.853208696142994,1.10488670395657
9,126,9e+07,90000126,TRUE,FALSE,"IG",TRUE,TRUE,0,"X3_norm",1,0.967220121561256,0.00400427194803134,0.9,0.870055639568602,1.07294903522854
9,126,9e+07,90000126,TRUE,FALSE,"IG",TRUE,TRUE,0,"X4_row",1,1.07693845470981,0.0052054972711471,0.9,0.957828657507051,1.19026973889305
9,127,9e+07,90000127,FALSE,FALSE,"IG",TRUE,TRUE,0,"intercept",-1,-1.13860035946448,0.00751014824499014,0.9,-1.28262381201197,-0.991165818330418
9,127,9e+07,90000127,FALSE,FALSE,"IG",TRUE,TRUE,0,"X1_groups",1,1.01833960361444,0.00295647224718501,0.9,0.931240181545812,1.11120415684987
9,127,9e+07,90000127,FALSE,FALSE,"IG",TRUE,TRUE,0,"X2_dist",1,1.02580162680493,0.0051765903573958,0.9,0.918147313975294,1.15057391047667
9,127,9e+07,90000127,FALSE,FALSE,"IG",TRUE,TRUE,0,"X3_norm",1,1.03433523225359,0.00390845968431112,0.9,0.926253192780288,1.13478710841723
9,127,9e+07,90000127,FALSE,FALSE,"IG",TRUE,TRUE,0,"X4_row",1,0.967264718796976,0.00400349027997307,0.9,0.870717874675885,1.07556190512692
9,127,9e+07,90000127,TRUE,FALSE,"IG",TRUE,TRUE,0,"intercept",-1,-0.868405327394544,0.00772215519082754,0.9,-1.01370173798616,-0.719464098325399
9,127,9e+07,90000127,TRUE,FALSE,"IG",TRUE,TRUE,0,"X1_groups",1,0.951025609294356,0.0041013730842012,0.9,0.852049555167478,1.05556828056126
9,127,9e+07,90000127,TRUE,FALSE,"IG",TRUE,TRUE,0,"X2_dist",1,0.847459930982085,0.00543993786037477,0.9,0.72852066146084,0.976269515542998
9,127,9e+07,90000127,TRUE,FALSE,"IG",TRUE,TRUE,0,"X3_norm",1,0.942792240965864,0.00381678581441596,0.9,0.848121922810969,1.04785893655504
9,127,9e+07,90000127,TRUE,FALSE,"IG",TRUE,TRUE,0,"X4_row",1,0.97071261138149,0.00424479050047294,0.9,0.85978640495375,1.07319323825017
9,128,9e+07,90000128,FALSE,FALSE,"IG",TRUE,TRUE,0,"intercept",-1,-1.0904477305072,0.00745896447777356,0.9,-1.22692203711313,-0.951166594672175
9,128,9e+07,90000128,FALSE,FALSE,"IG",TRUE,TRUE,0,"X1_groups",1,1.07832858413015,0.00318228002969792,0.9,0.987576493325681,1.16966231375826
9,128,9e+07,90000128,FALSE,FALSE,"IG",TRUE,TRUE,0,"X2_dist",1,1.11416279398096,0.00541463139821331,0.9,0.991276171502565,1.23866274612637
9,128,9e+07,90000128,FALSE,FALSE,"IG",TRUE,TRUE,0,"X3_norm",1,0.987358590776107,0.00349398085212378,0.9,0.896300835235556,1.08283268734429
9,128,9e+07,90000128,FALSE,FALSE,"IG",TRUE,TRUE,0,"X4_row",1,1.05741621740529,0.00441964251721441,0.9,0.958384917377508,1.1755140119501
9,128,9e+07,90000128,TRUE,FALSE,"IG",TRUE,TRUE,0,"intercept",-1,-0.741423790403145,0.00771889288219637,0.9,-0.875605963691525,-0.601321692015029
9,128,9e+07,90000128,TRUE,FALSE,"IG",TRUE,TRUE,0,"X1_groups",1,0.919195978265379,0.00363384766119117,0.9,0.826717547308668,1.02336364086126
9,128,9e+07,90000128,TRUE,FALSE,"IG",TRUE,TRUE,0,"X2_dist",1,0.885947791810679,0.0055178755768797,0.9,0.778118892083793,1.01095152173116
9,128,9e+07,90000128,TRUE,FALSE,"IG",TRUE,TRUE,0,"X3_norm",1,0.932445369057438,0.00359416599052909,0.9,0.834236636999344,1.0270144867987
9,128,9e+07,90000128,TRUE,FALSE,"IG",TRUE,TRUE,0,"X4_row",1,1.05537555783194,0.00501671511712355,0.9,0.949759272453796,1.17418874153592
9,129,9e+07,90000129,FALSE,FALSE,"IG",TRUE,TRUE,0,"intercept",-1,-1.14275398500806,0.00792508805379946,0.9,-1.28143464366357,-0.999173058360141
9,129,9e+07,90000129,FALSE,FALSE,"IG",TRUE,TRUE,0,"X1_groups",1,1.05040353650936,0.0034714532974917,0.9,0.954532836178433,1.14649826328475
9,129,9e+07,90000129,FALSE,FALSE,"IG",TRUE,TRUE,0,"X2_dist",1,1.06451605123268,0.00560144383146826,0.9,0.947940954877515,1.1919785985142
9,129,9e+07,90000129,FALSE,FALSE,"IG",TRUE,TRUE,0,"X3_norm",1,1.18599600382658,0.00444476678831874,0.9,1.08018638119021,1.29699252882606
9,129,9e+07,90000129,FALSE,FALSE,"IG",TRUE,TRUE,0,"X4_row",1,1.18821669269483,0.00518485225171592,0.9,1.07357992764619,1.31874824005316
9,129,9e+07,90000129,TRUE,FALSE,"IG",TRUE,TRUE,0,"intercept",-1,-1.00639686132537,0.00935539749023348,0.9,-1.17639793392946,-0.854385810926157
9,129,9e+07,90000129,TRUE,FALSE,"IG",TRUE,TRUE,0,"X1_groups",1,0.984603790213478,0.0045892744222026,0.9,0.875324410792852,1.08925732698402
9,129,9e+07,90000129,TRUE,FALSE,"IG",TRUE,TRUE,0,"X2_dist",1,1.0410556427387,0.00673727805895866,0.9,0.921998427772928,1.18806186066576
9,129,9e+07,90000129,TRUE,FALSE,"IG",TRUE,TRUE,0,"X3_norm",1,1.16103875625876,0.00499821451952686,0.9,1.05122499252182,1.27639394912652
9,129,9e+07,90000129,TRUE,FALSE,"IG",TRUE,TRUE,0,"X4_row",1,1.26729858434074,0.00632912965367443,0.9,1.13200038230263,1.39801791325425
9,130,9e+07,90000130,FALSE,FALSE,"IG",TRUE,TRUE,0,"intercept",-1,-1.10099150569154,0.00715502029653589,0.9,-1.23459255867238,-0.962977622135039
9,130,9e+07,90000130,FALSE,FALSE,"IG",TRUE,TRUE,0,"X1_groups",1,1.0557876080581,0.00322309132134219,0.9,0.964312751991517,1.15048720888734
9,130,9e+07,90000130,FALSE,FALSE,"IG",TRUE,TRUE,0,"X2_dist",1,1.07830010180534,0.00527359662753943,0.9,0.966541110688442,1.19380585661604
9,130,9e+07,90000130,FALSE,FALSE,"IG",TRUE,TRUE,0,"X3_norm",1,1.12611882032637,0.00416997372582374,0.9,1.02355712829746,1.22829670425438
9,130,9e+07,90000130,FALSE,FALSE,"IG",TRUE,TRUE,0,"X4_row",1,1.06359883100524,0.00457305911010744,0.9,0.954213401840586,1.17488107282047
9,130,9e+07,90000130,TRUE,FALSE,"IG",TRUE,TRUE,0,"intercept",-1,-1.07911270996139,0.0115883049774949,0.9,-1.28367995017308,-0.90797521074434
9,130,9e+07,90000130,TRUE,FALSE,"IG",TRUE,TRUE,0,"X1_groups",1,1.02240488326012,0.00515850078258304,0.9,0.910332058945309,1.14113796024798
9,130,9e+07,90000130,TRUE,FALSE,"IG",TRUE,TRUE,0,"X2_dist",1,1.08266324895343,0.00846652618245586,0.9,0.944494932433188,1.2518862615065
9,130,9e+07,90000130,TRUE,FALSE,"IG",TRUE,TRUE,0,"X3_norm",1,1.06674172955181,0.00474779090696888,0.9,0.960901820249084,1.18237213854412
9,130,9e+07,90000130,TRUE,FALSE,"IG",TRUE,TRUE,0,"X4_row",1,1.32416747512877,0.00664934788925108,0.9,1.18447326987258,1.46094139478981
9,131,9e+07,90000131,FALSE,FALSE,"IG",TRUE,TRUE,0,"intercept",-1,-1.0484638765232,0.00692485974299763,0.9,-1.188514944656,-0.90930225119398
9,131,9e+07,90000131,FALSE,FALSE,"IG",TRUE,TRUE,0,"X1_groups",1,1.04464947895712,0.00328588345933027,0.9,0.951482993114994,1.1400035381338
9,131,9e+07,90000131,FALSE,FALSE,"IG",TRUE,TRUE,0,"X2_dist",1,1.05415365797006,0.00515713078602337,0.9,0.940972933591693,1.16757884955218
9,131,9e+07,90000131,FALSE,FALSE,"IG",TRUE,TRUE,0,"X3_norm",1,1.05820923331268,0.00409645490090958,0.9,0.954810912767147,1.16384529187783
9,131,9e+07,90000131,FALSE,FALSE,"IG",TRUE,TRUE,0,"X4_row",1,1.06483555934515,0.00462477669753289,0.9,0.94900404921811,1.18019143141747
9,131,9e+07,90000131,TRUE,FALSE,"IG",TRUE,TRUE,0,"intercept",-1,-0.88496920325802,0.00789339985800645,0.9,-1.03178091727197,-0.734147695502069
9,131,9e+07,90000131,TRUE,FALSE,"IG",TRUE,TRUE,0,"X1_groups",1,0.922249067631891,0.00379321496577176,0.9,0.825453105906275,1.02906986294476
9,131,9e+07,90000131,TRUE,FALSE,"IG",TRUE,TRUE,0,"X2_dist",1,0.94376240225398,0.00596745162244281,0.9,0.826693463660531,1.07423846004624
9,131,9e+07,90000131,TRUE,FALSE,"IG",TRUE,TRUE,0,"X3_norm",1,0.967889842320472,0.00372686237645493,0.9,0.868100831797782,1.06703800683213
9,131,9e+07,90000131,TRUE,FALSE,"IG",TRUE,TRUE,0,"X4_row",1,1.08534335190839,0.00482589184025553,0.9,0.977754126970461,1.19936333415834
9,132,9e+07,90000132,FALSE,FALSE,"IG",TRUE,TRUE,0,"intercept",-1,-1.13610057648118,0.00695678588209356,0.9,-1.27232366108045,-1.00032965293124
9,132,9e+07,90000132,FALSE,FALSE,"IG",TRUE,TRUE,0,"X1_groups",1,1.0251692427995,0.00311903326562616,0.9,0.930809660091993,1.12402478160452
9,132,9e+07,90000132,FALSE,FALSE,"IG",TRUE,TRUE,0,"X2_dist",1,1.06681135639312,0.00493021310249354,0.9,0.952772963888779,1.17635096647617
9,132,9e+07,90000132,FALSE,FALSE,"IG",TRUE,TRUE,0,"X3_norm",1,1.06736950402871,0.00393551366139915,0.9,0.964965873623989,1.17794322534574
9,132,9e+07,90000132,FALSE,FALSE,"IG",TRUE,TRUE,0,"X4_row",1,1.02038906321323,0.00430731143960428,0.9,0.917856131065726,1.12749617832492
9,132,9e+07,90000132,TRUE,FALSE,"IG",TRUE,TRUE,0,"intercept",-1,-1.22022113078021,0.0100752152328562,0.9,-1.39271997530089,-1.06503763818651
9,132,9e+07,90000132,TRUE,FALSE,"IG",TRUE,TRUE,0,"X1_groups",1,0.928460981010674,0.00406668937393692,0.9,0.829939675945489,1.0337531803127
9,132,9e+07,90000132,TRUE,FALSE,"IG",TRUE,TRUE,0,"X2_dist",1,1.14198180333553,0.00741737400303307,0.9,1.01021111877238,1.28732731128012
9,132,9e+07,90000132,TRUE,FALSE,"IG",TRUE,TRUE,0,"X3_norm",1,1.07271954433539,0.00440154196295549,0.9,0.961775147274118,1.18160674959549
9,132,9e+07,90000132,TRUE,FALSE,"IG",TRUE,TRUE,0,"X4_row",1,1.05650774298678,0.00498354642148335,0.9,0.944477322917352,1.17451384520422
9,133,9e+07,90000133,FALSE,FALSE,"IG",TRUE,TRUE,0,"intercept",-1,-1.09323451927311,0.00749445197668032,0.9,-1.23334218731183,-0.951706145972345
9,133,9e+07,90000133,FALSE,FALSE,"IG",TRUE,TRUE,0,"X1_groups",1,1.01193468401594,0.00304142109598444,0.9,0.91849487983839,1.10037160692693
9,133,9e+07,90000133,FALSE,FALSE,"IG",TRUE,TRUE,0,"X2_dist",1,1.08066364154377,0.00534272164135067,0.9,0.971001906515075,1.19725747367671
9,133,9e+07,90000133,FALSE,FALSE,"IG",TRUE,TRUE,0,"X3_norm",1,1.03247021377507,0.00363280253401954,0.9,0.928897618149734,1.13320089010485
9,133,9e+07,90000133,FALSE,FALSE,"IG",TRUE,TRUE,0,"X4_row",1,1.00493389741782,0.00425093447124955,0.9,0.900511873592353,1.11043309175298
9,133,9e+07,90000133,TRUE,FALSE,"IG",TRUE,TRUE,0,"intercept",-1,-0.855059215583632,0.00801525009687097,0.9,-1.00510251242684,-0.713075828521189
9,133,9e+07,90000133,TRUE,FALSE,"IG",TRUE,TRUE,0,"X1_groups",1,0.894445882447566,0.00358749022130415,0.9,0.801392554864974,0.994485333325148
9,133,9e+07,90000133,TRUE,FALSE,"IG",TRUE,TRUE,0,"X2_dist",1,0.873811023378155,0.00548368935196097,0.9,0.758224383821422,0.998333988832365
9,133,9e+07,90000133,TRUE,FALSE,"IG",TRUE,TRUE,0,"X3_norm",1,1.00524334028947,0.00395071473907781,0.9,0.905736542821451,1.11339359459237
9,133,9e+07,90000133,TRUE,FALSE,"IG",TRUE,TRUE,0,"X4_row",1,1.07494158156719,0.00461192628243088,0.9,0.965799281077262,1.18974548106213
9,134,9e+07,90000134,FALSE,FALSE,"IG",TRUE,TRUE,0,"intercept",-1,-0.943894481055785,0.00693311261925432,0.9,-1.08099587613959,-0.808213845946784
9,134,9e+07,90000134,FALSE,FALSE,"IG",TRUE,TRUE,0,"X1_groups",1,1.11066178174346,0.00325368699940882,0.9,1.01820367234132,1.20832759043011
9,134,9e+07,90000134,FALSE,FALSE,"IG",TRUE,TRUE,0,"X2_dist",1,1.03432775485042,0.00533212254804023,0.9,0.916884430860497,1.15413542500343
9,134,9e+07,90000134,FALSE,FALSE,"IG",TRUE,TRUE,0,"X3_norm",1,1.10042682372473,0.00461095644367739,0.9,0.985673111905353,1.19994923743065
9,134,9e+07,90000134,FALSE,FALSE,"IG",TRUE,TRUE,0,"X4_row",1,1.06646362519168,0.00463100169509571,0.9,0.961455840676012,1.18334880695298
9,134,9e+07,90000134,TRUE,FALSE,"IG",TRUE,TRUE,0,"intercept",-1,-0.916232181599187,0.00898301263380819,0.9,-1.08989285033061,-0.766080895437856
9,134,9e+07,90000134,TRUE,FALSE,"IG",TRUE,TRUE,0,"X1_groups",1,0.97753667588008,0.00373209929959782,0.9,0.880724775458099,1.07580280246174
9,134,9e+07,90000134,TRUE,FALSE,"IG",TRUE,TRUE,0,"X2_dist",1,1.02201080100106,0.00684407120384675,0.9,0.901059615485534,1.16685246353588
9,134,9e+07,90000134,TRUE,FALSE,"IG",TRUE,TRUE,0,"X3_norm",1,0.993227045181419,0.00392183446217317,0.9,0.892800898373419,1.09230530204311
9,134,9e+07,90000134,TRUE,FALSE,"IG",TRUE,TRUE,0,"X4_row",1,1.12670262327721,0.00517652016672236,0.9,1.01158018437564,1.23982525689426
9,135,9e+07,90000135,FALSE,FALSE,"IG",TRUE,TRUE,0,"intercept",-1,-0.758862633346259,0.00621065852952036,0.9,-0.882437855737362,-0.628944349308376
9,135,9e+07,90000135,FALSE,FALSE,"IG",TRUE,TRUE,0,"X1_groups",1,1.04030203090477,0.00270199986715836,0.9,0.959787724480903,1.12400739240746
9,135,9e+07,90000135,FALSE,FALSE,"IG",TRUE,TRUE,0,"X2_dist",1,0.853998244227713,0.00463767645401587,0.9,0.739744674642589,0.966032918106527
9,135,9e+07,90000135,FALSE,FALSE,"IG",TRUE,TRUE,0,"X3_norm",1,0.904643235207012,0.00309579799510851,0.9,0.815898427654501,0.995933729261478
9,135,9e+07,90000135,FALSE,FALSE,"IG",TRUE,TRUE,0,"X4_row",1,0.979979478603065,0.00336422927242801,0.9,0.88425966001361,1.07118475610164
9,135,9e+07,90000135,TRUE,FALSE,"IG",TRUE,TRUE,0,"intercept",-1,-1.01865292108396,0.00957148543347108,0.9,-1.18131495793242,-0.861263670372721
9,135,9e+07,90000135,TRUE,FALSE,"IG",TRUE,TRUE,0,"X1_groups",1,0.958621663942738,0.00416304530115763,0.9,0.863075430163645,1.06794890907276
9,135,9e+07,90000135,TRUE,FALSE,"IG",TRUE,TRUE,0,"X2_dist",1,1.04487347705678,0.00692779905231025,0.9,0.919631321746476,1.19590181456652
9,135,9e+07,90000135,TRUE,FALSE,"IG",TRUE,TRUE,0,"X3_norm",1,1.06168021977398,0.00433024637761867,0.9,0.957897920838562,1.1670109409735
9,135,9e+07,90000135,TRUE,FALSE,"IG",TRUE,TRUE,0,"X4_row",1,1.1035241893484,0.00514149091823428,0.9,0.986611314692518,1.21389424913471
9,136,9e+07,90000136,FALSE,FALSE,"IG",TRUE,TRUE,0,"intercept",-1,-1.14258205771813,0.00761455480492425,0.9,-1.27926018055848,-0.995108941695141
9,136,9e+07,90000136,FALSE,FALSE,"IG",TRUE,TRUE,0,"X1_groups",1,1.13663606564004,0.00333750745701552,0.9,1.03741117949082,1.23674663493884
9,136,9e+07,90000136,FALSE,FALSE,"IG",TRUE,TRUE,0,"X2_dist",1,1.12342905065606,0.00598603508043051,0.9,0.99917194488491,1.24627768198721
9,136,9e+07,90000136,FALSE,FALSE,"IG",TRUE,TRUE,0,"X3_norm",1,1.02551810826774,0.00372756485073364,0.9,0.923384134421333,1.12408754303478
9,136,9e+07,90000136,FALSE,FALSE,"IG",TRUE,TRUE,0,"X4_row",1,1.02236044836543,0.00425649265440294,0.9,0.917715263817906,1.12551265383997
9,136,9e+07,90000136,TRUE,FALSE,"IG",TRUE,TRUE,0,"intercept",-1,-0.987479384906966,0.00976280783388988,0.9,-1.1603953014954,-0.833590336044867
9,136,9e+07,90000136,TRUE,FALSE,"IG",TRUE,TRUE,0,"X1_groups",1,0.937155068118959,0.00411266493788485,0.9,0.838629438190934,1.04148592968613
9,136,9e+07,90000136,TRUE,FALSE,"IG",TRUE,TRUE,0,"X2_dist",1,1.03808516211125,0.00745304338499534,0.9,0.903778956556099,1.19697292738334
9,136,9e+07,90000136,TRUE,FALSE,"IG",TRUE,TRUE,0,"X3_norm",1,1.02386928682246,0.00436354711411758,0.9,0.917685167427425,1.12835519896976
9,136,9e+07,90000136,TRUE,FALSE,"IG",TRUE,TRUE,0,"X4_row",1,1.06786689013408,0.00550209312072583,0.9,0.94965753288078,1.18671691974606
9,137,9e+07,90000137,FALSE,FALSE,"IG",TRUE,TRUE,0,"intercept",-1,-1.0415950231938,0.00694191490158081,0.9,-1.17720520406811,-0.909279741530787
9,137,9e+07,90000137,FALSE,FALSE,"IG",TRUE,TRUE,0,"X1_groups",1,1.09529687346703,0.00322546675419465,0.9,1.00575334237723,1.18904197903117
9,137,9e+07,90000137,FALSE,FALSE,"IG",TRUE,TRUE,0,"X2_dist",1,1.0076856054028,0.00531539368563305,0.9,0.89086639965003,1.12241063123467
9,137,9e+07,90000137,FALSE,FALSE,"IG",TRUE,TRUE,0,"X3_norm",1,0.971913863390319,0.00344084029934696,0.9,0.875872931814743,1.06731346432126
9,137,9e+07,90000137,FALSE,FALSE,"IG",TRUE,TRUE,0,"X4_row",1,1.02695985003115,0.00453049343217621,0.9,0.923329510511292,1.13489009005266
9,137,9e+07,90000137,TRUE,FALSE,"IG",TRUE,TRUE,0,"intercept",-1,-0.97331961364441,0.00928662046671962,0.9,-1.13084484846071,-0.822692479190298
9,137,9e+07,90000137,TRUE,FALSE,"IG",TRUE,TRUE,0,"X1_groups",1,0.941506287411451,0.00405241008385831,0.9,0.839066869144478,1.04215701611089
9,137,9e+07,90000137,TRUE,FALSE,"IG",TRUE,TRUE,0,"X2_dist",1,0.968554968189172,0.00670031783474205,0.9,0.835963396186146,1.10465353367657
9,137,9e+07,90000137,TRUE,FALSE,"IG",TRUE,TRUE,0,"X3_norm",1,1.05102899014083,0.00441812157957683,0.9,0.944859208010661,1.16408038679873
9,137,9e+07,90000137,TRUE,FALSE,"IG",TRUE,TRUE,0,"X4_row",1,1.15406698579537,0.00551900415215644,0.9,1.0405245918763,1.27404372181908
9,138,9e+07,90000138,FALSE,FALSE,"IG",TRUE,TRUE,0,"intercept",-1,-0.813053876245339,0.0071264866555555,0.9,-0.945706040507322,-0.676220371715877
9,138,9e+07,90000138,FALSE,FALSE,"IG",TRUE,TRUE,0,"X1_groups",1,1.06788862141651,0.00297097034077169,0.9,0.981143873417945,1.17006343561428
9,138,9e+07,90000138,FALSE,FALSE,"IG",TRUE,TRUE,0,"X2_dist",1,0.866455558129408,0.00485196747342683,0.9,0.752037384729166,0.976788320225519
9,138,9e+07,90000138,FALSE,FALSE,"IG",TRUE,TRUE,0,"X3_norm",1,1.06735069449787,0.00396280071631776,0.9,0.961338422291161,1.17036671115748
9,138,9e+07,90000138,FALSE,FALSE,"IG",TRUE,TRUE,0,"X4_row",1,1.08504483068322,0.00458057224272191,0.9,0.972821512662399,1.19731509804748
9,138,9e+07,90000138,TRUE,FALSE,"IG",TRUE,TRUE,0,"intercept",-1,-0.856554014320914,0.00901133782622628,0.9,-1.0307842247657,-0.710525732248304
9,138,9e+07,90000138,TRUE,FALSE,"IG",TRUE,TRUE,0,"X1_groups",1,0.966984459807128,0.00355770135091708,0.9,0.877039114739627,1.07408244427929
9,138,9e+07,90000138,TRUE,FALSE,"IG",TRUE,TRUE,0,"X2_dist",1,0.895314486212437,0.00650079232629083,0.9,0.771953832067074,1.03985254889651
9,138,9e+07,90000138,TRUE,FALSE,"IG",TRUE,TRUE,0,"X3_norm",1,0.946453460415249,0.00413662589855514,0.9,0.850057109470799,1.0531579484074
9,138,9e+07,90000138,TRUE,FALSE,"IG",TRUE,TRUE,0,"X4_row",1,1.01678874445401,0.00442539577846927,0.9,0.910618791773789,1.12408387041043
9,139,9e+07,90000139,FALSE,FALSE,"IG",TRUE,TRUE,0,"intercept",-1,-0.914719892358857,0.00692993737751539,0.9,-1.03760342539826,-0.777452904185146
9,139,9e+07,90000139,FALSE,FALSE,"IG",TRUE,TRUE,0,"X1_groups",1,1.03638380893331,0.00340011965110252,0.9,0.941749631786228,1.13538788410065
9,139,9e+07,90000139,FALSE,FALSE,"IG",TRUE,TRUE,0,"X2_dist",1,1.00815885919455,0.00515983276230492,0.9,0.886689894764004,1.12809123915875
9,139,9e+07,90000139,FALSE,FALSE,"IG",TRUE,TRUE,0,"X3_norm",1,1.10141628494461,0.00411600245766703,0.9,0.992086060768254,1.2067075890063
9,139,9e+07,90000139,FALSE,FALSE,"IG",TRUE,TRUE,0,"X4_row",1,1.15128671635868,0.0046976467694386,0.9,1.03900187877586,1.26217252442086
9,139,9e+07,90000139,TRUE,FALSE,"IG",TRUE,TRUE,0,"intercept",-1,-0.825337278038486,0.00862683209352882,0.9,-0.998686432535393,-0.681654698284273
9,139,9e+07,90000139,TRUE,FALSE,"IG",TRUE,TRUE,0,"X1_groups",1,1.06380832882399,0.00492046658544001,0.9,0.957888523296272,1.17958602598426
9,139,9e+07,90000139,TRUE,FALSE,"IG",TRUE,TRUE,0,"X2_dist",1,0.899021710260921,0.00637167229794055,0.9,0.777682284117172,1.0424724488884
9,139,9e+07,90000139,TRUE,FALSE,"IG",TRUE,TRUE,0,"X3_norm",1,1.16822366466649,0.00483947277548951,0.9,1.05542628043876,1.28258261876459
9,139,9e+07,90000139,TRUE,FALSE,"IG",TRUE,TRUE,0,"X4_row",1,1.16648695835703,0.0056480938790374,0.9,1.04653048150858,1.28324725095921
9,140,9e+07,90000140,FALSE,FALSE,"IG",TRUE,TRUE,0,"intercept",-1,-0.88865572250357,0.00690744162459234,0.9,-1.02563432226605,-0.751430041041981
9,140,9e+07,90000140,FALSE,FALSE,"IG",TRUE,TRUE,0,"X1_groups",1,1.01534426020519,0.00307157991164709,0.9,0.930096921002312,1.1160316557541
9,140,9e+07,90000140,FALSE,FALSE,"IG",TRUE,TRUE,0,"X2_dist",1,0.945871737957674,0.00505167711269803,0.9,0.828905116308264,1.06143158794087
9,140,9e+07,90000140,FALSE,FALSE,"IG",TRUE,TRUE,0,"X3_norm",1,1.04328505705113,0.00401397720627095,0.9,0.943764546054069,1.14782164253691
9,140,9e+07,90000140,FALSE,FALSE,"IG",TRUE,TRUE,0,"X4_row",1,0.998509265487633,0.00408317512734244,0.9,0.897639866735493,1.09471044648401
9,140,9e+07,90000140,TRUE,FALSE,"IG",TRUE,TRUE,0,"intercept",-1,-0.917232168813804,0.00938115431662166,0.9,-1.07624303795199,-0.766155052738343
9,140,9e+07,90000140,TRUE,FALSE,"IG",TRUE,TRUE,0,"X1_groups",1,0.931913282460161,0.00389450396041565,0.9,0.834894746649076,1.03019485399263
9,140,9e+07,90000140,TRUE,FALSE,"IG",TRUE,TRUE,0,"X2_dist",1,1.07024125310318,0.00769866313847977,0.9,0.944374285391202,1.21260618987399
9,140,9e+07,90000140,TRUE,FALSE,"IG",TRUE,TRUE,0,"X3_norm",1,1.01655016400103,0.00446597023981852,0.9,0.912183597317306,1.12425607283781
9,140,9e+07,90000140,TRUE,FALSE,"IG",TRUE,TRUE,0,"X4_row",1,1.11340093185112,0.00554166980325564,0.9,0.995317370291748,1.24433888615965
9,141,9e+07,90000141,FALSE,FALSE,"IG",TRUE,TRUE,0,"intercept",-1,-1.1030065704355,0.00747732338883997,0.9,-1.23576869915577,-0.957448922108724
9,141,9e+07,90000141,FALSE,FALSE,"IG",TRUE,TRUE,0,"X1_groups",1,1.0694458053646,0.00328946677992753,0.9,0.976873454848452,1.16842682811157
9,141,9e+07,90000141,FALSE,FALSE,"IG",TRUE,TRUE,0,"X2_dist",1,1.10055027756122,0.00562913806913482,0.9,0.985595609815791,1.21596820021732
9,141,9e+07,90000141,FALSE,FALSE,"IG",TRUE,TRUE,0,"X3_norm",1,1.12511015040626,0.0044806585241276,0.9,1.02213767214675,1.23952339202883
9,141,9e+07,90000141,FALSE,FALSE,"IG",TRUE,TRUE,0,"X4_row",1,1.09250050488371,0.00444629826605107,0.9,0.990167362970661,1.20422389383887
9,141,9e+07,90000141,TRUE,FALSE,"IG",TRUE,TRUE,0,"intercept",-1,-1.03577735373297,0.00946820055761154,0.9,-1.20059927847247,-0.889979436118314
9,141,9e+07,90000141,TRUE,FALSE,"IG",TRUE,TRUE,0,"X1_groups",1,0.948216415710843,0.00417841558519114,0.9,0.853067680215465,1.0600296266018
9,141,9e+07,90000141,TRUE,FALSE,"IG",TRUE,TRUE,0,"X2_dist",1,1.05415023885479,0.0069772975424824,0.9,0.924576662829742,1.20067516426405
9,141,9e+07,90000141,TRUE,FALSE,"IG",TRUE,TRUE,0,"X3_norm",1,1.08229211855672,0.00422575081807668,0.9,0.978962037017333,1.18538617233999
9,141,9e+07,90000141,TRUE,FALSE,"IG",TRUE,TRUE,0,"X4_row",1,1.13433666910676,0.00576558640226747,0.9,1.01351432494014,1.26216313220053
9,142,9e+07,90000142,FALSE,FALSE,"IG",TRUE,TRUE,0,"intercept",-1,-1.09900788468476,0.00743220839584,0.9,-1.23428216569734,-0.959166261422597
9,142,9e+07,90000142,FALSE,FALSE,"IG",TRUE,TRUE,0,"X1_groups",1,1.03387761837029,0.00289034959225288,0.9,0.943896491358567,1.12284234271686
9,142,9e+07,90000142,FALSE,FALSE,"IG",TRUE,TRUE,0,"X2_dist",1,1.0696891637655,0.00517164772521095,0.9,0.948859414166198,1.18419525319978
9,142,9e+07,90000142,FALSE,FALSE,"IG",TRUE,TRUE,0,"X3_norm",1,1.06608005036859,0.003942297773399,0.9,0.964892764812173,1.17211660478728
9,142,9e+07,90000142,FALSE,FALSE,"IG",TRUE,TRUE,0,"X4_row",1,0.969193349558981,0.00372493803771466,0.9,0.873646282626713,1.07053599344321
9,142,9e+07,90000142,TRUE,FALSE,"IG",TRUE,TRUE,0,"intercept",-1,-0.918521631519058,0.00921146997675958,0.9,-1.08356458511341,-0.769369979307997
9,142,9e+07,90000142,TRUE,FALSE,"IG",TRUE,TRUE,0,"X1_groups",1,0.917463290422359,0.00380271728451426,0.9,0.817208533275095,1.03005720169515
9,142,9e+07,90000142,TRUE,FALSE,"IG",TRUE,TRUE,0,"X2_dist",1,0.923079330061261,0.00614364753059192,0.9,0.806952987338668,1.06334492835278
9,142,9e+07,90000142,TRUE,FALSE,"IG",TRUE,TRUE,0,"X3_norm",1,0.934207991672405,0.00378251226091106,0.9,0.831604677653055,1.04082708695915
9,142,9e+07,90000142,TRUE,FALSE,"IG",TRUE,TRUE,0,"X4_row",1,1.04594914439405,0.00470098620463585,0.9,0.934611279284401,1.15768705506954
9,143,9e+07,90000143,FALSE,FALSE,"IG",TRUE,TRUE,0,"intercept",-1,-1.00284573702906,0.00632632422043319,0.9,-1.13474943471608,-0.878355693865775
9,143,9e+07,90000143,FALSE,FALSE,"IG",TRUE,TRUE,0,"X1_groups",1,1.07692506799052,0.0029543909825639,0.9,0.993618729080164,1.16996475407753
9,143,9e+07,90000143,FALSE,FALSE,"IG",TRUE,TRUE,0,"X2_dist",1,0.993601890198712,0.00477216359510194,0.9,0.879729030261804,1.10833724927553
9,143,9e+07,90000143,FALSE,FALSE,"IG",TRUE,TRUE,0,"X3_norm",1,0.990004288998462,0.00375880537857346,0.9,0.889710548678874,1.09124021180077
9,143,9e+07,90000143,FALSE,FALSE,"IG",TRUE,TRUE,0,"X4_row",1,0.974988094258198,0.00393599352914431,0.9,0.880075679960113,1.07487133664826
9,143,9e+07,90000143,TRUE,FALSE,"IG",TRUE,TRUE,0,"intercept",-1,-0.995804473649968,0.00986121974602945,0.9,-1.16968510587454,-0.82787106669618
9,143,9e+07,90000143,TRUE,FALSE,"IG",TRUE,TRUE,0,"X1_groups",1,0.98904186326922,0.00449000171701927,0.9,0.886292070839788,1.10332521971899
9,143,9e+07,90000143,TRUE,FALSE,"IG",TRUE,TRUE,0,"X2_dist",1,1.00263820572625,0.00638995554107882,0.9,0.87947215795187,1.14133249402831
9,143,9e+07,90000143,TRUE,FALSE,"IG",TRUE,TRUE,0,"X3_norm",1,1.13905849510619,0.00450065525889422,0.9,1.03200640775449,1.25083585571216
9,143,9e+07,90000143,TRUE,FALSE,"IG",TRUE,TRUE,0,"X4_row",1,1.07204687588798,0.00510371680699125,0.9,0.960969162482396,1.18533080941687
9,144,9e+07,90000144,FALSE,FALSE,"IG",TRUE,TRUE,0,"intercept",-1,-1.12448487889786,0.00814426579876284,0.9,-1.26791242517323,-0.973721626382566
9,144,9e+07,90000144,FALSE,FALSE,"IG",TRUE,TRUE,0,"X1_groups",1,1.13378761355502,0.00352101833248899,0.9,1.03333341092646,1.23222066004257
9,144,9e+07,90000144,FALSE,FALSE,"IG",TRUE,TRUE,0,"X2_dist",1,1.0998034496314,0.00584315367131797,0.9,0.976572706019039,1.22043432772399
9,144,9e+07,90000144,FALSE,FALSE,"IG",TRUE,TRUE,0,"X3_norm",1,1.07416106757115,0.00411632958855973,0.9,0.968443249485351,1.17818805953701
9,144,9e+07,90000144,FALSE,FALSE,"IG",TRUE,TRUE,0,"X4_row",1,1.08600854030876,0.00434742431497227,0.9,0.982759837794153,1.20201785287501
9,144,9e+07,90000144,TRUE,FALSE,"IG",TRUE,TRUE,0,"intercept",-1,-1.03543567915584,0.010067623931237,0.9,-1.2084284727672,-0.869846019430399
9,144,9e+07,90000144,TRUE,FALSE,"IG",TRUE,TRUE,0,"X1_groups",1,1.11218261165984,0.00507313383601778,0.9,1.00535931880825,1.22664306383426
9,144,9e+07,90000144,TRUE,FALSE,"IG",TRUE,TRUE,0,"X2_dist",1,1.02477922414832,0.00696303354618064,0.9,0.894208573746873,1.1789428731835
9,144,9e+07,90000144,TRUE,FALSE,"IG",TRUE,TRUE,0,"X3_norm",1,1.12486954183834,0.00490586961303454,0.9,1.01162534302777,1.24122592539866
9,144,9e+07,90000144,TRUE,FALSE,"IG",TRUE,TRUE,0,"X4_row",1,1.15905471150424,0.00590544854761756,0.9,1.03739552265407,1.28426195452392
9,145,9e+07,90000145,FALSE,FALSE,"IG",TRUE,TRUE,0,"intercept",-1,-1.0067623505793,0.00750036555624651,0.9,-1.14493545241533,-0.858522031562455
9,145,9e+07,90000145,FALSE,FALSE,"IG",TRUE,TRUE,0,"X1_groups",1,1.09162514072663,0.00323023934525771,0.9,1.00363921171174,1.19102948916308
9,145,9e+07,90000145,FALSE,FALSE,"IG",TRUE,TRUE,0,"X2_dist",1,1.08788125242413,0.00562103901266061,0.9,0.963304216775235,1.21109883100722
9,145,9e+07,90000145,FALSE,FALSE,"IG",TRUE,TRUE,0,"X3_norm",1,0.976185120123931,0.00353816611179961,0.9,0.886038402682083,1.07091688135113
9,145,9e+07,90000145,FALSE,FALSE,"IG",TRUE,TRUE,0,"X4_row",1,1.07448544232026,0.00442759206083998,0.9,0.967065646351905,1.18240313542526
9,145,9e+07,90000145,TRUE,FALSE,"IG",TRUE,TRUE,0,"intercept",-1,-0.85939894399413,0.00791308192572582,0.9,-1.00906350613833,-0.731364730325363
9,145,9e+07,90000145,TRUE,FALSE,"IG",TRUE,TRUE,0,"X1_groups",1,0.8559547013723,0.00358653676458783,0.9,0.754700043131624,0.954634840915137
9,145,9e+07,90000145,TRUE,FALSE,"IG",TRUE,TRUE,0,"X2_dist",1,0.865874833047462,0.0052720875491557,0.9,0.753948501143863,0.991883304418355
9,145,9e+07,90000145,TRUE,FALSE,"IG",TRUE,TRUE,0,"X3_norm",1,0.924156648196612,0.00376812555800144,0.9,0.824636332863636,1.02370568799406
9,145,9e+07,90000145,TRUE,FALSE,"IG",TRUE,TRUE,0,"X4_row",1,1.0223410974939,0.00482442857027654,0.9,0.908308761477575,1.13311114328892
9,146,9e+07,90000146,FALSE,FALSE,"IG",TRUE,TRUE,0,"intercept",-1,-0.964613657887375,0.00663343224322217,0.9,-1.09427479829585,-0.827945876580838
9,146,9e+07,90000146,FALSE,FALSE,"IG",TRUE,TRUE,0,"X1_groups",1,1.00540408661013,0.00294282095453243,0.9,0.920814914196743,1.1031105824727
9,146,9e+07,90000146,FALSE,FALSE,"IG",TRUE,TRUE,0,"X2_dist",1,1.00229426326816,0.00478665079820601,0.9,0.887691935456842,1.11018001411957
9,146,9e+07,90000146,FALSE,FALSE,"IG",TRUE,TRUE,0,"X3_norm",1,1.03699072777404,0.00354884677159515,0.9,0.943613640290766,1.13364395699675
9,146,9e+07,90000146,FALSE,FALSE,"IG",TRUE,TRUE,0,"X4_row",1,1.09578177897619,0.00433495778113653,0.9,0.988047119139815,1.20462577462417
9,146,9e+07,90000146,TRUE,FALSE,"IG",TRUE,TRUE,0,"intercept",-1,-0.952203414546244,0.0088406469966254,0.9,-1.10962869758318,-0.808318314337123
9,146,9e+07,90000146,TRUE,FALSE,"IG",TRUE,TRUE,0,"X1_groups",1,0.927830433897858,0.00402622943426762,0.9,0.829382161972331,1.03346614897485
9,146,9e+07,90000146,TRUE,FALSE,"IG",TRUE,TRUE,0,"X2_dist",1,0.952322426980116,0.00607135936163058,0.9,0.830771552190157,1.09072756254065
9,146,9e+07,90000146,TRUE,FALSE,"IG",TRUE,TRUE,0,"X3_norm",1,1.06528339490871,0.00426059726547289,0.9,0.963938336754361,1.17275298281672
9,146,9e+07,90000146,TRUE,FALSE,"IG",TRUE,TRUE,0,"X4_row",1,1.12742800890058,0.00546015538687611,0.9,1.00340841624709,1.24823928693155
9,147,9e+07,90000147,FALSE,FALSE,"IG",TRUE,TRUE,0,"intercept",-1,-1.06998790035697,0.0066752212094861,0.9,-1.20630771414639,-0.937166223287821
9,147,9e+07,90000147,FALSE,FALSE,"IG",TRUE,TRUE,0,"X1_groups",1,1.02993278242761,0.00291858538534022,0.9,0.943837073413473,1.12079955582204
9,147,9e+07,90000147,FALSE,FALSE,"IG",TRUE,TRUE,0,"X2_dist",1,1.01899653547798,0.00476861971569317,0.9,0.907595991633594,1.12462844335688
9,147,9e+07,90000147,FALSE,FALSE,"IG",TRUE,TRUE,0,"X3_norm",1,1.03651570375741,0.00382604512475565,0.9,0.94043895204371,1.13329953839345
9,147,9e+07,90000147,FALSE,FALSE,"IG",TRUE,TRUE,0,"X4_row",1,0.989554246247575,0.0037704956641989,0.9,0.890552709266319,1.09523688742514
9,147,9e+07,90000147,TRUE,FALSE,"IG",TRUE,TRUE,0,"intercept",-1,-0.905646621175434,0.00916049742770781,0.9,-1.07379741724157,-0.761078033206741
9,147,9e+07,90000147,TRUE,FALSE,"IG",TRUE,TRUE,0,"X1_groups",1,0.952113198232432,0.00403688359782024,0.9,0.855035881044455,1.06172033303663
9,147,9e+07,90000147,TRUE,FALSE,"IG",TRUE,TRUE,0,"X2_dist",1,0.951362464702672,0.00642415804518656,0.9,0.826352746020536,1.09357645247927
9,147,9e+07,90000147,TRUE,FALSE,"IG",TRUE,TRUE,0,"X3_norm",1,1.05785637641269,0.00474286131505939,0.9,0.954257134343985,1.1728540031253
9,147,9e+07,90000147,TRUE,FALSE,"IG",TRUE,TRUE,0,"X4_row",1,1.07547174663616,0.0053984525394361,0.9,0.957194986336882,1.19493922297258
9,148,9e+07,90000148,FALSE,FALSE,"IG",TRUE,TRUE,0,"intercept",-1,-0.955769228390938,0.00678763188586941,0.9,-1.08904721782702,-0.82599049975564
9,148,9e+07,90000148,FALSE,FALSE,"IG",TRUE,TRUE,0,"X1_groups",1,0.979143908722662,0.0029959782200815,0.9,0.894217106651514,1.06881512588177
9,148,9e+07,90000148,FALSE,FALSE,"IG",TRUE,TRUE,0,"X2_dist",1,1.01529211168388,0.0050038348408258,0.9,0.897669500447172,1.12976621575589
9,148,9e+07,90000148,FALSE,FALSE,"IG",TRUE,TRUE,0,"X3_norm",1,1.08102741984116,0.00395272186252168,0.9,0.972762256889205,1.18624506416344
9,148,9e+07,90000148,FALSE,FALSE,"IG",TRUE,TRUE,0,"X4_row",1,0.999317613487376,0.00390779134127732,0.9,0.898995244640488,1.10226085843722
9,148,9e+07,90000148,TRUE,FALSE,"IG",TRUE,TRUE,0,"intercept",-1,-1.03817776325643,0.00957445298532204,0.9,-1.1958649673983,-0.868962304274828
9,148,9e+07,90000148,TRUE,FALSE,"IG",TRUE,TRUE,0,"X1_groups",1,1.02137580654004,0.00468339945764909,0.9,0.915542621662123,1.1323839477771
9,148,9e+07,90000148,TRUE,FALSE,"IG",TRUE,TRUE,0,"X2_dist",1,1.07017342773758,0.00677352524625183,0.9,0.944643099815,1.21304223598404
9,148,9e+07,90000148,TRUE,FALSE,"IG",TRUE,TRUE,0,"X3_norm",1,1.13680664820955,0.00479180691552253,0.9,1.03013088160492,1.24521368025028
9,148,9e+07,90000148,TRUE,FALSE,"IG",TRUE,TRUE,0,"X4_row",1,1.13325824225492,0.00496736286640697,0.9,1.01493497481266,1.2406295768545
9,149,9e+07,90000149,FALSE,FALSE,"IG",TRUE,TRUE,0,"intercept",-1,-0.987580567600248,0.00706530424098542,0.9,-1.12439647459482,-0.847697269456183
9,149,9e+07,90000149,FALSE,FALSE,"IG",TRUE,TRUE,0,"X1_groups",1,1.02021295919213,0.00282796801016908,0.9,0.939120167546997,1.1082358726622
9,149,9e+07,90000149,FALSE,FALSE,"IG",TRUE,TRUE,0,"X2_dist",1,0.993003095933775,0.00503425643671547,0.9,0.872653275186639,1.11200295864436
9,149,9e+07,90000149,FALSE,FALSE,"IG",TRUE,TRUE,0,"X3_norm",1,1.05490652695527,0.0038244602273476,0.9,0.948251807806546,1.15646425195047
9,149,9e+07,90000149,FALSE,FALSE,"IG",TRUE,TRUE,0,"X4_row",1,0.986335710972758,0.00398124227702782,0.9,0.879546496488881,1.08743315754731
9,149,9e+07,90000149,TRUE,FALSE,"IG",TRUE,TRUE,0,"intercept",-1,-1.10012063002734,0.0102724901911062,0.9,-1.26529150186624,-0.936818363243675
9,149,9e+07,90000149,TRUE,FALSE,"IG",TRUE,TRUE,0,"X1_groups",1,0.94480512251093,0.00418237862808197,0.9,0.841480830747364,1.05738840032242
9,149,9e+07,90000149,TRUE,FALSE,"IG",TRUE,TRUE,0,"X2_dist",1,1.07997355112442,0.00753650632495316,0.9,0.94282081616831,1.22858879331074
9,149,9e+07,90000149,TRUE,FALSE,"IG",TRUE,TRUE,0,"X3_norm",1,1.02916394836036,0.00421600940437805,0.9,0.922969257336248,1.13425768109376
9,149,9e+07,90000149,TRUE,FALSE,"IG",TRUE,TRUE,0,"X4_row",1,1.08806484737608,0.00550506980788847,0.9,0.978180294905869,1.20821123771037
9,150,9e+07,90000150,FALSE,FALSE,"IG",TRUE,TRUE,0,"intercept",-1,-1.03947276509453,0.00639957452432937,0.9,-1.16795235462118,-0.90610879795204
9,150,9e+07,90000150,FALSE,FALSE,"IG",TRUE,TRUE,0,"X1_groups",1,0.931223557898517,0.00268278271608282,0.9,0.847465433092981,1.01526970706439
9,150,9e+07,90000150,FALSE,FALSE,"IG",TRUE,TRUE,0,"X2_dist",1,1.0307764579432,0.00447566874917228,0.9,0.911428633334264,1.13887681370247
9,150,9e+07,90000150,FALSE,FALSE,"IG",TRUE,TRUE,0,"X3_norm",1,1.01283469336526,0.00355959872167479,0.9,0.908396282639394,1.10934799236436
9,150,9e+07,90000150,FALSE,FALSE,"IG",TRUE,TRUE,0,"X4_row",1,0.97103819519803,0.00382698614533552,0.9,0.873859109592012,1.06438735849549
9,150,9e+07,90000150,TRUE,FALSE,"IG",TRUE,TRUE,0,"intercept",-1,-1.01205036295703,0.00868411014996976,0.9,-1.16144348281587,-0.869577318302215
9,150,9e+07,90000150,TRUE,FALSE,"IG",TRUE,TRUE,0,"X1_groups",1,0.817000438418389,0.00298414082366329,0.9,0.729084703686393,0.91226483430174
9,150,9e+07,90000150,TRUE,FALSE,"IG",TRUE,TRUE,0,"X2_dist",1,1.0149269043428,0.00660749887319595,0.9,0.892723303834116,1.16201037541223
9,150,9e+07,90000150,TRUE,FALSE,"IG",TRUE,TRUE,0,"X3_norm",1,0.999163090748604,0.00384881857562999,0.9,0.893269043102862,1.10066023334062
9,150,9e+07,90000150,TRUE,FALSE,"IG",TRUE,TRUE,0,"X4_row",1,0.978232746678066,0.0042565320058153,0.9,0.860744305489244,1.08056387621146
